n,partie_imaginaire,T_MAX,methode,n_workers,precision_dps,calcule_le
1,14.134725141734618,1000.0,RS-detection + Illinois-affinage,4,35,20260511_212709
2,21.02203963877156,1000.0,RS-detection + Illinois-affinage,4,35,20260511_212709
3,25.01085758014548,1000.0,RS-detection + Illinois-affinage,4,35,20260511_212709
4,30.424876125859516,1000.0,RS-detection + Illinois-affinage,4,35,20260511_212709
5,32.93506158773919,1000.0,RS-detection + Illinois-affinage,4,35,20260511_212709
6,37.58617815882568,1000.0,RS-detection + Illinois-affinage,4,35,20260511_212709
7,40.918719012147584,1000.0,RS-detection + Illinois-affinage,4,35,20260511_212709
8,43.327073280914995,1000.0,RS-detection + Illinois-affinage,4,35,20260511_212709
9,48.00515088116716,1000.0,RS-detection + Illinois-affinage,4,35,20260511_212709
10,49.7738324776723,1000.0,RS-detection + Illinois-affinage,4,35,20260511_212709
11,52.97032147771443,1000.0,RS-detection + Illinois-affinage,4,35,20260511_212709
12,56.44624769706339,1000.0,RS-detection + Illinois-affinage,4,35,20260511_212709
13,59.34704400260235,1000.0,RS-detection + Illinois-affinage,4,35,20260511_212709
14,60.83177852460977,1000.0,RS-detection + Illinois-affinage,4,35,20260511_212709
15,65.1125440480816,1000.0,RS-detection + Illinois-affinage,4,35,20260511_212709
16,67.07981052949415,1000.0,RS-detection + Illinois-affinage,4,35,20260511_212709
17,69.54640171117389,1000.0,RS-detection + Illinois-affinage,4,35,20260511_212709
18,72.0671576744819,1000.0,RS-detection + Illinois-affinage,4,35,20260511_212709
19,75.70469069908394,1000.0,RS-detection + Illinois-affinage,4,35,20260511_212709
20,77.14484006887481,1000.0,RS-detection + Illinois-affinage,4,35,20260511_212709
21,79.33737502024937,1000.0,RS-detection + Illinois-affinage,4,35,20260511_212709
22,82.91038085408603,1000.0,RS-detection + Illinois-affinage,4,35,20260511_212709
23,84.73549298051705,1000.0,RS-detection + Illinois-affinage,4,35,20260511_212709
24,87.42527461312523,1000.0,RS-detection + Illinois-affinage,4,35,20260511_212709
25,88.80911120763446,1000.0,RS-detection + Illinois-affinage,4,35,20260511_212709
26,92.49189927055849,1000.0,RS-detection + Illinois-affinage,4,35,20260511_212709
27,94.65134404051989,1000.0,RS-detection + Illinois-affinage,4,35,20260511_212709
28,95.8706342282453,1000.0,RS-detection + Illinois-affinage,4,35,20260511_212709
29,98.83119421819369,1000.0,RS-detection + Illinois-affinage,4,35,20260511_212709
30,101.31785100573141,1000.0,RS-detection + Illinois-affinage,4,35,20260511_212709
31,103.72553804047834,1000.0,RS-detection + Illinois-affinage,4,35,20260511_212709
32,105.44662305232606,1000.0,RS-detection + Illinois-affinage,4,35,20260511_212709
33,107.16861118427641,1000.0,RS-detection + Illinois-affinage,4,35,20260511_212709
34,111.02953554316967,1000.0,RS-detection + Illinois-affinage,4,35,20260511_212709
35,111.87465917699261,1000.0,RS-detection + Illinois-affinage,4,35,20260511_212709
36,114.32022091545271,1000.0,RS-detection + Illinois-affinage,4,35,20260511_212709
37,116.22668032085755,1000.0,RS-detection + Illinois-affinage,4,35,20260511_212709
38,118.79078286597621,1000.0,RS-detection + Illinois-affinage,4,35,20260511_212709
39,121.37012500242065,1000.0,RS-detection + Illinois-affinage,4,35,20260511_212709
40,122.94682929355278,1000.0,RS-detection + Illinois-affinage,4,35,20260511_212709
41,124.25681855434566,1000.0,RS-detection + Illinois-affinage,4,35,20260511_212709
42,127.5166838795965,1000.0,RS-detection + Illinois-affinage,4,35,20260511_212709
43,129.57870419995604,1000.0,RS-detection + Illinois-affinage,4,35,20260511_212709
44,131.08768853093267,1000.0,RS-detection + Illinois-affinage,4,35,20260511_212709
45,133.49773720299763,1000.0,RS-detection + Illinois-affinage,4,35,20260511_212709
46,134.7565097533738,1000.0,RS-detection + Illinois-affinage,4,35,20260511_212709
47,138.11604205453344,1000.0,RS-detection + Illinois-affinage,4,35,20260511_212709
48,139.7362089521214,1000.0,RS-detection + Illinois-affinage,4,35,20260511_212709
49,141.12370740402113,1000.0,RS-detection + Illinois-affinage,4,35,20260511_212709
50,143.11184580762063,1000.0,RS-detection + Illinois-affinage,4,35,20260511_212709
51,146.00098248676554,1000.0,RS-detection + Illinois-affinage,4,35,20260511_212709
52,147.42276534255961,1000.0,RS-detection + Illinois-affinage,4,35,20260511_212709
53,150.05352042078488,1000.0,RS-detection + Illinois-affinage,4,35,20260511_212709
54,150.92525761224096,1000.0,RS-detection + Illinois-affinage,4,35,20260511_212709
55,153.0246938111989,1000.0,RS-detection + Illinois-affinage,4,35,20260511_212709
56,156.11290929423785,1000.0,RS-detection + Illinois-affinage,4,35,20260511_212709
57,157.59759181759406,1000.0,RS-detection + Illinois-affinage,4,35,20260511_212709
58,158.84998817142048,1000.0,RS-detection + Illinois-affinage,4,35,20260511_212709
59,161.18896413759603,1000.0,RS-detection + Illinois-affinage,4,35,20260511_212709
60,163.030709687182,1000.0,RS-detection + Illinois-affinage,4,35,20260511_212709
61,165.5370691879004,1000.0,RS-detection + Illinois-affinage,4,35,20260511_212709
62,167.1844399781745,1000.0,RS-detection + Illinois-affinage,4,35,20260511_212709
63,169.09451541556882,1000.0,RS-detection + Illinois-affinage,4,35,20260511_212709
64,169.9119764794117,1000.0,RS-detection + Illinois-affinage,4,35,20260511_212709
65,173.41153651959155,1000.0,RS-detection + Illinois-affinage,4,35,20260511_212709
66,174.75419152336573,1000.0,RS-detection + Illinois-affinage,4,35,20260511_212709
67,176.44143429771043,1000.0,RS-detection + Illinois-affinage,4,35,20260511_212709
68,178.37740777609997,1000.0,RS-detection + Illinois-affinage,4,35,20260511_212709
69,179.91648402025697,1000.0,RS-detection + Illinois-affinage,4,35,20260511_212709
70,182.20707848436646,1000.0,RS-detection + Illinois-affinage,4,35,20260511_212709
71,184.87446784838752,1000.0,RS-detection + Illinois-affinage,4,35,20260511_212709
72,185.59878367770744,1000.0,RS-detection + Illinois-affinage,4,35,20260511_212709
73,187.22892258350186,1000.0,RS-detection + Illinois-affinage,4,35,20260511_212709
74,189.41615865601693,1000.0,RS-detection + Illinois-affinage,4,35,20260511_212709
75,192.0266563607138,1000.0,RS-detection + Illinois-affinage,4,35,20260511_212709
76,193.07972660384573,1000.0,RS-detection + Illinois-affinage,4,35,20260511_212709
77,195.26539667952923,1000.0,RS-detection + Illinois-affinage,4,35,20260511_212709
78,196.87648184095832,1000.0,RS-detection + Illinois-affinage,4,35,20260511_212709
79,198.01530967625172,1000.0,RS-detection + Illinois-affinage,4,35,20260511_212709
80,201.2647519437038,1000.0,RS-detection + Illinois-affinage,4,35,20260511_212709
81,202.49359451414054,1000.0,RS-detection + Illinois-affinage,4,35,20260511_212709
82,204.1896718031046,1000.0,RS-detection + Illinois-affinage,4,35,20260511_212709
83,205.3946972021633,1000.0,RS-detection + Illinois-affinage,4,35,20260511_212709
84,207.90625888780636,1000.0,RS-detection + Illinois-affinage,4,35,20260511_212709
85,209.57650971685626,1000.0,RS-detection + Illinois-affinage,4,35,20260511_212709
86,211.6908625953653,1000.0,RS-detection + Illinois-affinage,4,35,20260511_212709
87,213.34791935971268,1000.0,RS-detection + Illinois-affinage,4,35,20260511_212709
88,214.54704478349143,1000.0,RS-detection + Illinois-affinage,4,35,20260511_212709
89,216.16953850826368,1000.0,RS-detection + Illinois-affinage,4,35,20260511_212709
90,219.06759634902136,1000.0,RS-detection + Illinois-affinage,4,35,20260511_212709
91,220.714918839314,1000.0,RS-detection + Illinois-affinage,4,35,20260511_212709
92,221.43070555469333,1000.0,RS-detection + Illinois-affinage,4,35,20260511_212709
93,224.00700025460432,1000.0,RS-detection + Illinois-affinage,4,35,20260511_212709
94,224.9833246695823,1000.0,RS-detection + Illinois-affinage,4,35,20260511_212709
95,227.4214442796793,1000.0,RS-detection + Illinois-affinage,4,35,20260511_212709
96,229.33741330552536,1000.0,RS-detection + Illinois-affinage,4,35,20260511_212709
97,231.25018870049917,1000.0,RS-detection + Illinois-affinage,4,35,20260511_212709
98,231.98723525318024,1000.0,RS-detection + Illinois-affinage,4,35,20260511_212709
99,233.6934041789083,1000.0,RS-detection + Illinois-affinage,4,35,20260511_212709
100,236.52422966581622,1000.0,RS-detection + Illinois-affinage,4,35,20260511_212709
101,237.7698204809252,1000.0,RS-detection + Illinois-affinage,4,35,20260511_212709
102,239.55547757332764,1000.0,RS-detection + Illinois-affinage,4,35,20260511_212709
103,241.0491577962166,1000.0,RS-detection + Illinois-affinage,4,35,20260511_212709
104,242.8232719342226,1000.0,RS-detection + Illinois-affinage,4,35,20260511_212709
105,244.07089849707816,1000.0,RS-detection + Illinois-affinage,4,35,20260511_212709
106,247.13699007489748,1000.0,RS-detection + Illinois-affinage,4,35,20260511_212709
107,248.1019900601484,1000.0,RS-detection + Illinois-affinage,4,35,20260511_212709
108,249.57368964470697,1000.0,RS-detection + Illinois-affinage,4,35,20260511_212709
109,251.014947795016,1000.0,RS-detection + Illinois-affinage,4,35,20260511_212709
110,253.06998674799945,1000.0,RS-detection + Illinois-affinage,4,35,20260511_212709
111,255.30625645491403,1000.0,RS-detection + Illinois-affinage,4,35,20260511_212709
112,256.38071369443446,1000.0,RS-detection + Illinois-affinage,4,35,20260511_212709
113,258.61043949153134,1000.0,RS-detection + Illinois-affinage,4,35,20260511_212709
114,259.874406989678,1000.0,RS-detection + Illinois-affinage,4,35,20260511_212709
115,260.8050845045967,1000.0,RS-detection + Illinois-affinage,4,35,20260511_212709
116,263.57389390487015,1000.0,RS-detection + Illinois-affinage,4,35,20260511_212709
117,265.55785183887633,1000.0,RS-detection + Illinois-affinage,4,35,20260511_212709
118,266.6149737815011,1000.0,RS-detection + Illinois-affinage,4,35,20260511_212709
119,267.92191508282406,1000.0,RS-detection + Illinois-affinage,4,35,20260511_212709
120,269.9704490239977,1000.0,RS-detection + Illinois-affinage,4,35,20260511_212709
121,271.494055641645,1000.0,RS-detection + Illinois-affinage,4,35,20260511_212709
122,273.45960918840325,1000.0,RS-detection + Illinois-affinage,4,35,20260511_212709
123,275.58749264934386,1000.0,RS-detection + Illinois-affinage,4,35,20260511_212709
124,276.4520495031329,1000.0,RS-detection + Illinois-affinage,4,35,20260511_212709
125,278.25074352984194,1000.0,RS-detection + Illinois-affinage,4,35,20260511_212709
126,279.22925092774517,1000.0,RS-detection + Illinois-affinage,4,35,20260511_212709
127,282.4651147650521,1000.0,RS-detection + Illinois-affinage,4,35,20260511_212709
128,283.21118573323383,1000.0,RS-detection + Illinois-affinage,4,35,20260511_212709
129,284.8359639809047,1000.0,RS-detection + Illinois-affinage,4,35,20260511_212709
130,286.66744536300286,1000.0,RS-detection + Illinois-affinage,4,35,20260511_212709
131,287.9119205014222,1000.0,RS-detection + Illinois-affinage,4,35,20260511_212709
132,289.57985492921887,1000.0,RS-detection + Illinois-affinage,4,35,20260511_212709
133,291.84629132906736,1000.0,RS-detection + Illinois-affinage,4,35,20260511_212709
134,293.5584341393563,1000.0,RS-detection + Illinois-affinage,4,35,20260511_212709
135,294.9653696192655,1000.0,RS-detection + Illinois-affinage,4,35,20260511_212709
136,295.57325487895827,1000.0,RS-detection + Illinois-affinage,4,35,20260511_212709
137,297.9792770619434,1000.0,RS-detection + Illinois-affinage,4,35,20260511_212709
138,299.8403260537213,1000.0,RS-detection + Illinois-affinage,4,35,20260511_212709
139,301.64932546219416,1000.0,RS-detection + Illinois-affinage,4,35,20260511_212709
140,302.69674958960684,1000.0,RS-detection + Illinois-affinage,4,35,20260511_212709
141,304.8643713408573,1000.0,RS-detection + Illinois-affinage,4,35,20260511_212709
142,305.7289126020367,1000.0,RS-detection + Illinois-affinage,4,35,20260511_212709
143,307.21949612817,1000.0,RS-detection + Illinois-affinage,4,35,20260511_212709
144,310.1094631467019,1000.0,RS-detection + Illinois-affinage,4,35,20260511_212709
145,311.16514153035604,1000.0,RS-detection + Illinois-affinage,4,35,20260511_212709
146,312.4278011806009,1000.0,RS-detection + Illinois-affinage,4,35,20260511_212709
147,313.98528573115885,1000.0,RS-detection + Illinois-affinage,4,35,20260511_212709
148,315.47561608947575,1000.0,RS-detection + Illinois-affinage,4,35,20260511_212709
149,317.7348059423702,1000.0,RS-detection + Illinois-affinage,4,35,20260511_212709
150,318.85310425631656,1000.0,RS-detection + Illinois-affinage,4,35,20260511_212709
151,321.1601343091136,1000.0,RS-detection + Illinois-affinage,4,35,20260511_212709
152,322.14455867248296,1000.0,RS-detection + Illinois-affinage,4,35,20260511_212709
153,323.4669695575121,1000.0,RS-detection + Illinois-affinage,4,35,20260511_212709
154,324.8628660517396,1000.0,RS-detection + Illinois-affinage,4,35,20260511_212709
155,327.44390126190547,1000.0,RS-detection + Illinois-affinage,4,35,20260511_212709
156,329.03307168048093,1000.0,RS-detection + Illinois-affinage,4,35,20260511_212709
157,329.9532397282339,1000.0,RS-detection + Illinois-affinage,4,35,20260511_212709
158,331.4744675826634,1000.0,RS-detection + Illinois-affinage,4,35,20260511_212709
159,333.64537852486984,1000.0,RS-detection + Illinois-affinage,4,35,20260511_212709
160,334.2113548332444,1000.0,RS-detection + Illinois-affinage,4,35,20260511_212709
161,336.84185042839067,1000.0,RS-detection + Illinois-affinage,4,35,20260511_212709
162,338.3399928508066,1000.0,RS-detection + Illinois-affinage,4,35,20260511_212709
163,339.85821672536355,1000.0,RS-detection + Illinois-affinage,4,35,20260511_212709
164,341.04226111104657,1000.0,RS-detection + Illinois-affinage,4,35,20260511_212709
165,342.05487751036355,1000.0,RS-detection + Illinois-affinage,4,35,20260511_212709
166,344.6617029402523,1000.0,RS-detection + Illinois-affinage,4,35,20260511_212709
167,346.34787056600993,1000.0,RS-detection + Illinois-affinage,4,35,20260511_212709
168,347.2726775844205,1000.0,RS-detection + Illinois-affinage,4,35,20260511_212709
169,349.3162608706961,1000.0,RS-detection + Illinois-affinage,4,35,20260511_212709
170,350.4084193491921,1000.0,RS-detection + Illinois-affinage,4,35,20260511_212709
171,351.87864902535927,1000.0,RS-detection + Illinois-affinage,4,35,20260511_212709
172,353.4889004887188,1000.0,RS-detection + Illinois-affinage,4,35,20260511_212709
173,356.0175749772649,1000.0,RS-detection + Illinois-affinage,4,35,20260511_212709
174,357.1513022520396,1000.0,RS-detection + Illinois-affinage,4,35,20260511_212709
175,357.95268510163226,1000.0,RS-detection + Illinois-affinage,4,35,20260511_212709
176,359.7437549531145,1000.0,RS-detection + Illinois-affinage,4,35,20260511_212709
177,361.2893616958047,1000.0,RS-detection + Illinois-affinage,4,35,20260511_212709
178,363.33133057897385,1000.0,RS-detection + Illinois-affinage,4,35,20260511_212709
179,364.73602411408905,1000.0,RS-detection + Illinois-affinage,4,35,20260511_212709
180,366.2127102883313,1000.0,RS-detection + Illinois-affinage,4,35,20260511_212709
181,367.9935754817403,1000.0,RS-detection + Illinois-affinage,4,35,20260511_212709
182,368.9684380957344,1000.0,RS-detection + Illinois-affinage,4,35,20260511_212709
183,370.050919212106,1000.0,RS-detection + Illinois-affinage,4,35,20260511_212709
184,373.06192837211285,1000.0,RS-detection + Illinois-affinage,4,35,20260511_212709
185,373.8648739109086,1000.0,RS-detection + Illinois-affinage,4,35,20260511_212709
186,375.82591276673935,1000.0,RS-detection + Illinois-affinage,4,35,20260511_212709
187,376.32409223066804,1000.0,RS-detection + Illinois-affinage,4,35,20260511_212709
188,378.4366802499655,1000.0,RS-detection + Illinois-affinage,4,35,20260511_212709
189,379.87297534653237,1000.0,RS-detection + Illinois-affinage,4,35,20260511_212709
190,381.4844686171865,1000.0,RS-detection + Illinois-affinage,4,35,20260511_212709
191,383.4435294495365,1000.0,RS-detection + Illinois-affinage,4,35,20260511_212709
192,384.9561168148637,1000.0,RS-detection + Illinois-affinage,4,35,20260511_212709
193,385.8613008459742,1000.0,RS-detection + Illinois-affinage,4,35,20260511_212709
194,387.22289022238795,1000.0,RS-detection + Illinois-affinage,4,35,20260511_212709
195,388.8461283542323,1000.0,RS-detection + Illinois-affinage,4,35,20260511_212709
196,391.45608356363806,1000.0,RS-detection + Illinois-affinage,4,35,20260511_212709
197,392.2450833395191,1000.0,RS-detection + Illinois-affinage,4,35,20260511_212709
198,393.42774384443396,1000.0,RS-detection + Illinois-affinage,4,35,20260511_212709
199,395.5828700109937,1000.0,RS-detection + Illinois-affinage,4,35,20260511_212709
200,396.3818542225922,1000.0,RS-detection + Illinois-affinage,4,35,20260511_212709
201,397.9187362096142,1000.0,RS-detection + Illinois-affinage,4,35,20260511_212709
202,399.9851198761949,1000.0,RS-detection + Illinois-affinage,4,35,20260511_212709
203,401.8392286005332,1000.0,RS-detection + Illinois-affinage,4,35,20260511_212709
204,402.8619177638858,1000.0,RS-detection + Illinois-affinage,4,35,20260511_212709
205,404.236441800208,1000.0,RS-detection + Illinois-affinage,4,35,20260511_212709
206,405.13438745990993,1000.0,RS-detection + Illinois-affinage,4,35,20260511_212709
207,407.5814603868962,1000.0,RS-detection + Illinois-affinage,4,35,20260511_212709
208,408.9472455023511,1000.0,RS-detection + Illinois-affinage,4,35,20260511_212709
209,410.51386919336665,1000.0,RS-detection + Illinois-affinage,4,35,20260511_212709
210,411.9722678042788,1000.0,RS-detection + Illinois-affinage,4,35,20260511_212709
211,413.26273607018504,1000.0,RS-detection + Illinois-affinage,4,35,20260511_212709
212,415.01880975515513,1000.0,RS-detection + Illinois-affinage,4,35,20260511_212709
213,415.4552149962946,1000.0,RS-detection + Illinois-affinage,4,35,20260511_212709
214,418.3877057895348,1000.0,RS-detection + Illinois-affinage,4,35,20260511_212709
215,419.8613648181523,1000.0,RS-detection + Illinois-affinage,4,35,20260511_212709
216,420.6438276250417,1000.0,RS-detection + Illinois-affinage,4,35,20260511_212709
217,422.0767100588268,1000.0,RS-detection + Illinois-affinage,4,35,20260511_212709
218,423.7165796274818,1000.0,RS-detection + Illinois-affinage,4,35,20260511_212709
219,425.06988249446135,1000.0,RS-detection + Illinois-affinage,4,35,20260511_212709
220,427.2088250840746,1000.0,RS-detection + Illinois-affinage,4,35,20260511_212709
221,428.12791407661666,1000.0,RS-detection + Illinois-affinage,4,35,20260511_212709
222,430.3287454309386,1000.0,RS-detection + Illinois-affinage,4,35,20260511_212709
223,431.3013069307036,1000.0,RS-detection + Illinois-affinage,4,35,20260511_212709
224,432.1386417345886,1000.0,RS-detection + Illinois-affinage,4,35,20260511_212709
225,433.88921848092724,1000.0,RS-detection + Illinois-affinage,4,35,20260511_212709
226,436.16100643264696,1000.0,RS-detection + Illinois-affinage,4,35,20260511_212709
227,437.5816981676686,1000.0,RS-detection + Illinois-affinage,4,35,20260511_212709
228,438.62173865627216,1000.0,RS-detection + Illinois-affinage,4,35,20260511_212709
229,439.91844221437066,1000.0,RS-detection + Illinois-affinage,4,35,20260511_212709
230,441.68319920118904,1000.0,RS-detection + Illinois-affinage,4,35,20260511_212709
231,442.90454630260945,1000.0,RS-detection + Illinois-affinage,4,35,20260511_212709
232,444.31933627755916,1000.0,RS-detection + Illinois-affinage,4,35,20260511_212709
233,446.8606226964296,1000.0,RS-detection + Illinois-affinage,4,35,20260511_212709
234,447.4417041944933,1000.0,RS-detection + Illinois-affinage,4,35,20260511_212709
235,449.1485456850233,1000.0,RS-detection + Illinois-affinage,4,35,20260511_212709
236,450.1269457803135,1000.0,RS-detection + Illinois-affinage,4,35,20260511_212709
237,451.4033084453888,1000.0,RS-detection + Illinois-affinage,4,35,20260511_212709
238,453.9867378066779,1000.0,RS-detection + Illinois-affinage,4,35,20260511_212709
239,454.9746837686168,1000.0,RS-detection + Illinois-affinage,4,35,20260511_212709
240,456.32842668924604,1000.0,RS-detection + Illinois-affinage,4,35,20260511_212709
241,457.903893064103,1000.0,RS-detection + Illinois-affinage,4,35,20260511_212709
242,459.513415281106,1000.0,RS-detection + Illinois-affinage,4,35,20260511_212709
243,460.0879444221756,1000.0,RS-detection + Illinois-affinage,4,35,20260511_212709
244,462.06536727488253,1000.0,RS-detection + Illinois-affinage,4,35,20260511_212709
245,464.05728691054827,1000.0,RS-detection + Illinois-affinage,4,35,20260511_212709
246,465.67153921137105,1000.0,RS-detection + Illinois-affinage,4,35,20260511_212709
247,466.57028693082583,1000.0,RS-detection + Illinois-affinage,4,35,20260511_212709
248,467.43904621026167,1000.0,RS-detection + Illinois-affinage,4,35,20260511_212709
249,469.53600455911203,1000.0,RS-detection + Illinois-affinage,4,35,20260511_212709
250,470.7736554781016,1000.0,RS-detection + Illinois-affinage,4,35,20260511_212709
251,472.79917466190886,1000.0,RS-detection + Illinois-affinage,4,35,20260511_212709
252,473.8352323451397,1000.0,RS-detection + Illinois-affinage,4,35,20260511_212709
253,475.6003393693758,1000.0,RS-detection + Illinois-affinage,4,35,20260511_212709
254,476.76901523748444,1000.0,RS-detection + Illinois-affinage,4,35,20260511_212709
255,478.07526376667136,1000.0,RS-detection + Illinois-affinage,4,35,20260511_212709
256,478.9421815346348,1000.0,RS-detection + Illinois-affinage,4,35,20260511_212709
257,481.83033937628653,1000.0,RS-detection + Illinois-affinage,4,35,20260511_212709
258,482.8347827909824,1000.0,RS-detection + Illinois-affinage,4,35,20260511_212709
259,483.8514272124825,1000.0,RS-detection + Illinois-affinage,4,35,20260511_212709
260,485.539148129356,1000.0,RS-detection + Illinois-affinage,4,35,20260511_212709
261,486.52871826165114,1000.0,RS-detection + Illinois-affinage,4,35,20260511_212709
262,488.38056709001745,1000.0,RS-detection + Illinois-affinage,4,35,20260511_212709
263,489.66176157795616,1000.0,RS-detection + Illinois-affinage,4,35,20260511_212709
264,491.398821593663,1000.0,RS-detection + Illinois-affinage,4,35,20260511_212709
265,493.3144415817853,1000.0,RS-detection + Illinois-affinage,4,35,20260511_212709
266,493.95799780536913,1000.0,RS-detection + Illinois-affinage,4,35,20260511_212709
267,495.3588288221313,1000.0,RS-detection + Illinois-affinage,4,35,20260511_212709
268,496.42969621575907,1000.0,RS-detection + Illinois-affinage,4,35,20260511_212709
269,498.58078242968656,1000.0,RS-detection + Illinois-affinage,4,35,20260511_212709
270,500.3090849416905,1000.0,RS-detection + Illinois-affinage,4,35,20260511_212709
271,501.6044469651455,1000.0,RS-detection + Illinois-affinage,4,35,20260511_212709
272,502.27627032711825,1000.0,RS-detection + Illinois-affinage,4,35,20260511_212709
273,504.49977331342774,1000.0,RS-detection + Illinois-affinage,4,35,20260511_212709
274,505.41523174224443,1000.0,RS-detection + Illinois-affinage,4,35,20260511_212709
275,506.46415270952355,1000.0,RS-detection + Illinois-affinage,4,35,20260511_212709
276,508.8007003364678,1000.0,RS-detection + Illinois-affinage,4,35,20260511_212709
277,510.26422794367284,1000.0,RS-detection + Illinois-affinage,4,35,20260511_212709
278,511.5622897003746,1000.0,RS-detection + Illinois-affinage,4,35,20260511_212709
279,512.6231445314074,1000.0,RS-detection + Illinois-affinage,4,35,20260511_212709
280,513.6689855554737,1000.0,RS-detection + Illinois-affinage,4,35,20260511_212709
281,515.4350571672993,1000.0,RS-detection + Illinois-affinage,4,35,20260511_212709
282,517.5896685724674,1000.0,RS-detection + Illinois-affinage,4,35,20260511_212709
283,518.2342231475501,1000.0,RS-detection + Illinois-affinage,4,35,20260511_212709
284,520.1063104117233,1000.0,RS-detection + Illinois-affinage,4,35,20260511_212709
285,521.525193449492,1000.0,RS-detection + Illinois-affinage,4,35,20260511_212709
286,522.4566961777301,1000.0,RS-detection + Illinois-affinage,4,35,20260511_212709
287,523.9605308920159,1000.0,RS-detection + Illinois-affinage,4,35,20260511_212709
288,525.0773856872796,1000.0,RS-detection + Illinois-affinage,4,35,20260511_212709
289,527.9036416012723,1000.0,RS-detection + Illinois-affinage,4,35,20260511_212709
290,528.4062138522926,1000.0,RS-detection + Illinois-affinage,4,35,20260511_212709
291,529.8062263187069,1000.0,RS-detection + Illinois-affinage,4,35,20260511_212709
292,530.866917883961,1000.0,RS-detection + Illinois-affinage,4,35,20260511_212709
293,532.6881830282937,1000.0,RS-detection + Illinois-affinage,4,35,20260511_212709
294,533.7796307537687,1000.0,RS-detection + Illinois-affinage,4,35,20260511_212709
295,535.6643140758732,1000.0,RS-detection + Illinois-affinage,4,35,20260511_212709
296,537.0697590831223,1000.0,RS-detection + Illinois-affinage,4,35,20260511_212709
297,538.4285261762479,1000.0,RS-detection + Illinois-affinage,4,35,20260511_212709
298,540.2131663762282,1000.0,RS-detection + Illinois-affinage,4,35,20260511_212709
299,540.6313902472951,1000.0,RS-detection + Illinois-affinage,4,35,20260511_212709
300,541.8474371212013,1000.0,RS-detection + Illinois-affinage,4,35,20260511_212709
301,544.3238901010053,1000.0,RS-detection + Illinois-affinage,4,35,20260511_212709
302,545.6368332489347,1000.0,RS-detection + Illinois-affinage,4,35,20260511_212709
303,547.0109120581224,1000.0,RS-detection + Illinois-affinage,4,35,20260511_212709
304,547.9316133644893,1000.0,RS-detection + Illinois-affinage,4,35,20260511_212709
305,549.4975675626614,1000.0,RS-detection + Illinois-affinage,4,35,20260511_212709
306,550.9700100394839,1000.0,RS-detection + Illinois-affinage,4,35,20260511_212709
307,552.0495722005649,1000.0,RS-detection + Illinois-affinage,4,35,20260511_212709
308,553.7649721191588,1000.0,RS-detection + Illinois-affinage,4,35,20260511_212709
309,555.7920205616825,1000.0,RS-detection + Illinois-affinage,4,35,20260511_212709
310,556.8994764068553,1000.0,RS-detection + Illinois-affinage,4,35,20260511_212709
311,557.5646591720586,1000.0,RS-detection + Illinois-affinage,4,35,20260511_212709
312,559.3162370286822,1000.0,RS-detection + Illinois-affinage,4,35,20260511_212709
313,560.2408074972957,1000.0,RS-detection + Illinois-affinage,4,35,20260511_212709
314,562.5592076160458,1000.0,RS-detection + Illinois-affinage,4,35,20260511_212709
315,564.1608791107868,1000.0,RS-detection + Illinois-affinage,4,35,20260511_212709
316,564.5060559381499,1000.0,RS-detection + Illinois-affinage,4,35,20260511_212709
317,566.6987876828082,1000.0,RS-detection + Illinois-affinage,4,35,20260511_212709
318,567.7317579011769,1000.0,RS-detection + Illinois-affinage,4,35,20260511_212709
319,568.9239551796294,1000.0,RS-detection + Illinois-affinage,4,35,20260511_212709
320,570.0511147824635,1000.0,RS-detection + Illinois-affinage,4,35,20260511_212709
321,572.4199841324528,1000.0,RS-detection + Illinois-affinage,4,35,20260511_212709
322,573.6146105267582,1000.0,RS-detection + Illinois-affinage,4,35,20260511_212709
323,575.093886014495,1000.0,RS-detection + Illinois-affinage,4,35,20260511_212709
324,575.8072471409288,1000.0,RS-detection + Illinois-affinage,4,35,20260511_212709
325,577.0390034720981,1000.0,RS-detection + Illinois-affinage,4,35,20260511_212709
326,579.0988346720367,1000.0,RS-detection + Illinois-affinage,4,35,20260511_212709
327,580.1369593623847,1000.0,RS-detection + Illinois-affinage,4,35,20260511_212709
328,581.9465762659016,1000.0,RS-detection + Illinois-affinage,4,35,20260511_212709
329,583.2360882191673,1000.0,RS-detection + Illinois-affinage,4,35,20260511_212709
330,584.5617059034655,1000.0,RS-detection + Illinois-affinage,4,35,20260511_212709
331,585.9845632049884,1000.0,RS-detection + Illinois-affinage,4,35,20260511_212709
332,586.7427718912502,1000.0,RS-detection + Illinois-affinage,4,35,20260511_212709
333,588.1396632662479,1000.0,RS-detection + Illinois-affinage,4,35,20260511_212709
334,590.6603975167653,1000.0,RS-detection + Illinois-affinage,4,35,20260511_212709
335,591.7258580650481,1000.0,RS-detection + Illinois-affinage,4,35,20260511_212709
336,592.5713583002255,1000.0,RS-detection + Illinois-affinage,4,35,20260511_212709
337,593.974714682231,1000.0,RS-detection + Illinois-affinage,4,35,20260511_212709
338,595.728153697389,1000.0,RS-detection + Illinois-affinage,4,35,20260511_212709
339,596.3627683283937,1000.0,RS-detection + Illinois-affinage,4,35,20260511_212709
340,598.4930773461648,1000.0,RS-detection + Illinois-affinage,4,35,20260511_212709
341,599.5456403643648,1000.0,RS-detection + Illinois-affinage,4,35,20260511_212709
342,601.6021367359326,1000.0,RS-detection + Illinois-affinage,4,35,20260511_212709
343,602.5791678863874,1000.0,RS-detection + Illinois-affinage,4,35,20260511_212709
344,603.625618903579,1000.0,RS-detection + Illinois-affinage,4,35,20260511_212709
345,604.616218493753,1000.0,RS-detection + Illinois-affinage,4,35,20260511_212709
346,606.383460422109,1000.0,RS-detection + Illinois-affinage,4,35,20260511_212709
347,608.4132173111873,1000.0,RS-detection + Illinois-affinage,4,35,20260511_212709
348,609.3895751547201,1000.0,RS-detection + Illinois-affinage,4,35,20260511_212709
349,610.8391629377394,1000.0,RS-detection + Illinois-affinage,4,35,20260511_212709
350,611.7742096208872,1000.0,RS-detection + Illinois-affinage,4,35,20260511_212709
351,613.5997786756371,1000.0,RS-detection + Illinois-affinage,4,35,20260511_212709
352,614.6462378722326,1000.0,RS-detection + Illinois-affinage,4,35,20260511_212709
353,615.538563369407,1000.0,RS-detection + Illinois-affinage,4,35,20260511_212709
354,618.1128313664424,1000.0,RS-detection + Illinois-affinage,4,35,20260511_212709
355,619.1844825979537,1000.0,RS-detection + Illinois-affinage,4,35,20260511_212709
356,620.2728936722275,1000.0,RS-detection + Illinois-affinage,4,35,20260511_212709
357,621.7092945279486,1000.0,RS-detection + Illinois-affinage,4,35,20260511_212709
358,622.375002739779,1000.0,RS-detection + Illinois-affinage,4,35,20260511_212709
359,624.269900018178,1000.0,RS-detection + Illinois-affinage,4,35,20260511_212709
360,626.0192834276544,1000.0,RS-detection + Illinois-affinage,4,35,20260511_212709
361,627.268396850783,1000.0,RS-detection + Illinois-affinage,4,35,20260511_212709
362,628.3258623594604,1000.0,RS-detection + Illinois-affinage,4,35,20260511_212709
363,630.4738874382925,1000.0,RS-detection + Illinois-affinage,4,35,20260511_212709
364,630.8057809271975,1000.0,RS-detection + Illinois-affinage,4,35,20260511_212709
365,632.2251411671159,1000.0,RS-detection + Illinois-affinage,4,35,20260511_212709
366,633.5468582522518,1000.0,RS-detection + Illinois-affinage,4,35,20260511_212709
367,635.5238003106055,1000.0,RS-detection + Illinois-affinage,4,35,20260511_212709
368,637.3971931598373,1000.0,RS-detection + Illinois-affinage,4,35,20260511_212709
369,637.9255139808222,1000.0,RS-detection + Illinois-affinage,4,35,20260511_212709
370,638.9279382668568,1000.0,RS-detection + Illinois-affinage,4,35,20260511_212709
371,640.6947946688256,1000.0,RS-detection + Illinois-affinage,4,35,20260511_212709
372,641.9454996657054,1000.0,RS-detection + Illinois-affinage,4,35,20260511_212709
373,643.2788837813979,1000.0,RS-detection + Illinois-affinage,4,35,20260511_212709
374,644.990578229748,1000.0,RS-detection + Illinois-affinage,4,35,20260511_212709
375,646.3481915955016,1000.0,RS-detection + Illinois-affinage,4,35,20260511_212709
376,647.7617530042888,1000.0,RS-detection + Illinois-affinage,4,35,20260511_212709
377,648.7864008887822,1000.0,RS-detection + Illinois-affinage,4,35,20260511_212709
378,650.1975193452565,1000.0,RS-detection + Illinois-affinage,4,35,20260511_212709
379,650.668683891396,1000.0,RS-detection + Illinois-affinage,4,35,20260511_212709
380,653.6495716053947,1000.0,RS-detection + Illinois-affinage,4,35,20260511_212709
381,654.3019205863193,1000.0,RS-detection + Illinois-affinage,4,35,20260511_212709
382,655.7094630223556,1000.0,RS-detection + Illinois-affinage,4,35,20260511_212709
383,656.9640845994605,1000.0,RS-detection + Illinois-affinage,4,35,20260511_212709
384,658.1756144186054,1000.0,RS-detection + Illinois-affinage,4,35,20260511_212709
385,659.663845972964,1000.0,RS-detection + Illinois-affinage,4,35,20260511_212709
386,660.7167325952793,1000.0,RS-detection + Illinois-affinage,4,35,20260511_212709
387,662.2965864311004,1000.0,RS-detection + Illinois-affinage,4,35,20260511_212709
388,664.244604652273,1000.0,RS-detection + Illinois-affinage,4,35,20260511_212709
389,665.342763095599,1000.0,RS-detection + Illinois-affinage,4,35,20260511_212709
390,666.5151477041729,1000.0,RS-detection + Illinois-affinage,4,35,20260511_212709
391,667.1484948945554,1000.0,RS-detection + Illinois-affinage,4,35,20260511_212709
392,668.9758488202351,1000.0,RS-detection + Illinois-affinage,4,35,20260511_212709
393,670.3235852058626,1000.0,RS-detection + Illinois-affinage,4,35,20260511_212709
394,672.4581835841698,1000.0,RS-detection + Illinois-affinage,4,35,20260511_212709
395,673.0435782861476,1000.0,RS-detection + Illinois-affinage,4,35,20260511_212709
396,674.3558978101232,1000.0,RS-detection + Illinois-affinage,4,35,20260511_212709
397,676.1396743636267,1000.0,RS-detection + Illinois-affinage,4,35,20260511_212709
398,677.230180668764,1000.0,RS-detection + Illinois-affinage,4,35,20260511_212709
399,677.8004447462214,1000.0,RS-detection + Illinois-affinage,4,35,20260511_212709
400,679.7421978825282,1000.0,RS-detection + Illinois-affinage,4,35,20260511_212709
401,681.8949915331519,1000.0,RS-detection + Illinois-affinage,4,35,20260511_212709
402,682.6027350197505,1000.0,RS-detection + Illinois-affinage,4,35,20260511_212709
403,684.0135498138695,1000.0,RS-detection + Illinois-affinage,4,35,20260511_212709
404,684.9726298620984,1000.0,RS-detection + Illinois-affinage,4,35,20260511_212709
405,686.1632235877279,1000.0,RS-detection + Illinois-affinage,4,35,20260511_212709
406,687.9615431847037,1000.0,RS-detection + Illinois-affinage,4,35,20260511_212709
407,689.3689413622724,1000.0,RS-detection + Illinois-affinage,4,35,20260511_212709
408,690.4747350323504,1000.0,RS-detection + Illinois-affinage,4,35,20260511_212709
409,692.4516844155208,1000.0,RS-detection + Illinois-affinage,4,35,20260511_212709
410,693.1769700606019,1000.0,RS-detection + Illinois-affinage,4,35,20260511_212709
411,694.5339086998731,1000.0,RS-detection + Illinois-affinage,4,35,20260511_212709
412,695.7263359209267,1000.0,RS-detection + Illinois-affinage,4,35,20260511_212709
413,696.6260699003456,1000.0,RS-detection + Illinois-affinage,4,35,20260511_212709
414,699.1320954760135,1000.0,RS-detection + Illinois-affinage,4,35,20260511_212709
415,700.2967391321434,1000.0,RS-detection + Illinois-affinage,4,35,20260511_212709
416,701.3017429546461,1000.0,RS-detection + Illinois-affinage,4,35,20260511_212709
417,702.2273431457605,1000.0,RS-detection + Illinois-affinage,4,35,20260511_212709
418,704.0338392955252,1000.0,RS-detection + Illinois-affinage,4,35,20260511_212709
419,705.125813954619,1000.0,RS-detection + Illinois-affinage,4,35,20260511_212709
420,706.184654799518,1000.0,RS-detection + Illinois-affinage,4,35,20260511_212709
421,708.26907088511,1000.0,RS-detection + Illinois-affinage,4,35,20260511_212709
422,709.2295885702844,1000.0,RS-detection + Illinois-affinage,4,35,20260511_212709
423,711.1302741796854,1000.0,RS-detection + Illinois-affinage,4,35,20260511_212709
424,711.9002899143753,1000.0,RS-detection + Illinois-affinage,4,35,20260511_212709
425,712.7493834701013,1000.0,RS-detection + Illinois-affinage,4,35,20260511_212709
426,714.0827718206693,1000.0,RS-detection + Illinois-affinage,4,35,20260511_212709
427,716.1123964540521,1000.0,RS-detection + Illinois-affinage,4,35,20260511_212709
428,717.4825697031002,1000.0,RS-detection + Illinois-affinage,4,35,20260511_212709
429,718.7427865454858,1000.0,RS-detection + Illinois-affinage,4,35,20260511_212709
430,719.6971009883656,1000.0,RS-detection + Illinois-affinage,4,35,20260511_212709
431,721.3511622185365,1000.0,RS-detection + Illinois-affinage,4,35,20260511_212709
432,722.2775049756743,1000.0,RS-detection + Illinois-affinage,4,35,20260511_212709
433,723.8458210451284,1000.0,RS-detection + Illinois-affinage,4,35,20260511_212709
434,724.5626138903791,1000.0,RS-detection + Illinois-affinage,4,35,20260511_212709
435,727.0564032300493,1000.0,RS-detection + Illinois-affinage,4,35,20260511_212709
436,728.4054815889341,1000.0,RS-detection + Illinois-affinage,4,35,20260511_212709
437,728.7587497956142,1000.0,RS-detection + Illinois-affinage,4,35,20260511_212709
438,730.4164821227564,1000.0,RS-detection + Illinois-affinage,4,35,20260511_212709
439,731.4173549185986,1000.0,RS-detection + Illinois-affinage,4,35,20260511_212709
440,732.8180527144998,1000.0,RS-detection + Illinois-affinage,4,35,20260511_212709
441,734.789643252378,1000.0,RS-detection + Illinois-affinage,4,35,20260511_212709
442,735.7654592085784,1000.0,RS-detection + Illinois-affinage,4,35,20260511_212709
443,737.0529289122653,1000.0,RS-detection + Illinois-affinage,4,35,20260511_212709
444,738.5804211713738,1000.0,RS-detection + Illinois-affinage,4,35,20260511_212709
445,739.9095236740419,1000.0,RS-detection + Illinois-affinage,4,35,20260511_212709
446,740.5738074472947,1000.0,RS-detection + Illinois-affinage,4,35,20260511_212709
447,741.7573355729417,1000.0,RS-detection + Illinois-affinage,4,35,20260511_212709
448,743.8950131424737,1000.0,RS-detection + Illinois-affinage,4,35,20260511_212709
449,745.3449895506118,1000.0,RS-detection + Illinois-affinage,4,35,20260511_212709
450,746.4993058994323,1000.0,RS-detection + Illinois-affinage,4,35,20260511_212709
451,747.6745636242695,1000.0,RS-detection + Illinois-affinage,4,35,20260511_212709
452,748.2427544650845,1000.0,RS-detection + Illinois-affinage,4,35,20260511_212709
453,750.6559503621243,1000.0,RS-detection + Illinois-affinage,4,35,20260511_212709
454,750.9663810666508,1000.0,RS-detection + Illinois-affinage,4,35,20260511_212709
455,752.8876215672024,1000.0,RS-detection + Illinois-affinage,4,35,20260511_212709
456,754.3223704717127,1000.0,RS-detection + Illinois-affinage,4,35,20260511_212709
457,755.8393089760378,1000.0,RS-detection + Illinois-affinage,4,35,20260511_212709
458,756.768248439951,1000.0,RS-detection + Illinois-affinage,4,35,20260511_212709
459,758.1017292464129,1000.0,RS-detection + Illinois-affinage,4,35,20260511_212709
460,758.9002382248924,1000.0,RS-detection + Illinois-affinage,4,35,20260511_212709
461,760.282366983512,1000.0,RS-detection + Illinois-affinage,4,35,20260511_212709
462,762.700033249691,1000.0,RS-detection + Illinois-affinage,4,35,20260511_212709
463,763.5930661728372,1000.0,RS-detection + Illinois-affinage,4,35,20260511_212709
464,764.3075227241799,1000.0,RS-detection + Illinois-affinage,4,35,20260511_212709
465,766.0875400998362,1000.0,RS-detection + Illinois-affinage,4,35,20260511_212709
466,767.2184721555395,1000.0,RS-detection + Illinois-affinage,4,35,20260511_212709
467,768.2814618065092,1000.0,RS-detection + Illinois-affinage,4,35,20260511_212709
468,769.6934072526244,1000.0,RS-detection + Illinois-affinage,4,35,20260511_212709
469,771.0708393136783,1000.0,RS-detection + Illinois-affinage,4,35,20260511_212709
470,772.961617565757,1000.0,RS-detection + Illinois-affinage,4,35,20260511_212709
471,774.1177446279405,1000.0,RS-detection + Illinois-affinage,4,35,20260511_212709
472,775.0478470965801,1000.0,RS-detection + Illinois-affinage,4,35,20260511_212709
473,775.9997119631714,1000.0,RS-detection + Illinois-affinage,4,35,20260511_212709
474,777.2997485295926,1000.0,RS-detection + Illinois-affinage,4,35,20260511_212709
475,779.157076949189,1000.0,RS-detection + Illinois-affinage,4,35,20260511_212709
476,780.3489250041818,1000.0,RS-detection + Illinois-affinage,4,35,20260511_212709
477,782.1376643908122,1000.0,RS-detection + Illinois-affinage,4,35,20260511_212709
478,782.5979439460735,1000.0,RS-detection + Illinois-affinage,4,35,20260511_212709
479,784.2888226124655,1000.0,RS-detection + Illinois-affinage,4,35,20260511_212709
480,785.739089700715,1000.0,RS-detection + Illinois-affinage,4,35,20260511_212709
481,786.4611474505062,1000.0,RS-detection + Illinois-affinage,4,35,20260511_212709
482,787.46846381591,1000.0,RS-detection + Illinois-affinage,4,35,20260511_212709
483,790.0590923641196,1000.0,RS-detection + Illinois-affinage,4,35,20260511_212709
484,790.831620467921,1000.0,RS-detection + Illinois-affinage,4,35,20260511_212709
485,792.4277076086046,1000.0,RS-detection + Illinois-affinage,4,35,20260511_212709
486,792.8886525626223,1000.0,RS-detection + Illinois-affinage,4,35,20260511_212709
487,794.4837918698931,1000.0,RS-detection + Illinois-affinage,4,35,20260511_212709
488,795.6065961561624,1000.0,RS-detection + Illinois-affinage,4,35,20260511_212709
489,797.2634700380356,1000.0,RS-detection + Illinois-affinage,4,35,20260511_212709
490,798.7075701662961,1000.0,RS-detection + Illinois-affinage,4,35,20260511_212709
491,799.6543362108976,1000.0,RS-detection + Illinois-affinage,4,35,20260511_212709
492,801.604246462982,1000.0,RS-detection + Illinois-affinage,4,35,20260511_212709
493,802.5419848784181,1000.0,RS-detection + Illinois-affinage,4,35,20260511_212709
494,803.2430962042702,1000.0,RS-detection + Illinois-affinage,4,35,20260511_212709
495,804.7622391126619,1000.0,RS-detection + Illinois-affinage,4,35,20260511_212709
496,805.8616356670947,1000.0,RS-detection + Illinois-affinage,4,35,20260511_212709
497,808.1518149359938,1000.0,RS-detection + Illinois-affinage,4,35,20260511_212709
498,809.1977833633009,1000.0,RS-detection + Illinois-affinage,4,35,20260511_212709
499,810.0818048864071,1000.0,RS-detection + Illinois-affinage,4,35,20260511_212709
500,811.1843588465063,1000.0,RS-detection + Illinois-affinage,4,35,20260511_212709
501,812.7711083891094,1000.0,RS-detection + Illinois-affinage,4,35,20260511_212709
502,814.045913607511,1000.0,RS-detection + Illinois-affinage,4,35,20260511_212709
503,814.8705396258725,1000.0,RS-detection + Illinois-affinage,4,35,20260511_212709
504,816.7277377143947,1000.0,RS-detection + Illinois-affinage,4,35,20260511_212709
505,818.3806688663617,1000.0,RS-detection + Illinois-affinage,4,35,20260511_212709
506,819.204642170824,1000.0,RS-detection + Illinois-affinage,4,35,20260511_212709
507,820.7218984438692,1000.0,RS-detection + Illinois-affinage,4,35,20260511_212709
508,821.7134541333794,1000.0,RS-detection + Illinois-affinage,4,35,20260511_212709
509,822.1977574934043,1000.0,RS-detection + Illinois-affinage,4,35,20260511_212709
510,824.5262938716297,1000.0,RS-detection + Illinois-affinage,4,35,20260511_212709
511,826.0392873765744,1000.0,RS-detection + Illinois-affinage,4,35,20260511_212709
512,826.9058109540807,1000.0,RS-detection + Illinois-affinage,4,35,20260511_212709
513,828.3401743004899,1000.0,RS-detection + Illinois-affinage,4,35,20260511_212709
514,829.4370109683093,1000.0,RS-detection + Illinois-affinage,4,35,20260511_212709
515,830.8958840533174,1000.0,RS-detection + Illinois-affinage,4,35,20260511_212709
516,831.7997776590706,1000.0,RS-detection + Illinois-affinage,4,35,20260511_212709
517,833.0036409091542,1000.0,RS-detection + Illinois-affinage,4,35,20260511_212709
518,834.6519151478257,1000.0,RS-detection + Illinois-affinage,4,35,20260511_212709
519,836.6935761875918,1000.0,RS-detection + Illinois-affinage,4,35,20260511_212709
520,837.3473350595315,1000.0,RS-detection + Illinois-affinage,4,35,20260511_212709
521,838.2490219927321,1000.0,RS-detection + Illinois-affinage,4,35,20260511_212709
522,839.4653948102825,1000.0,RS-detection + Illinois-affinage,4,35,20260511_212709
523,841.0363898290134,1000.0,RS-detection + Illinois-affinage,4,35,20260511_212709
524,842.0413542065264,1000.0,RS-detection + Illinois-affinage,4,35,20260511_212709
525,844.1661966073508,1000.0,RS-detection + Illinois-affinage,4,35,20260511_212709
526,844.8059939757636,1000.0,RS-detection + Illinois-affinage,4,35,20260511_212709
527,846.194769927694,1000.0,RS-detection + Illinois-affinage,4,35,20260511_212709
528,847.971717639512,1000.0,RS-detection + Illinois-affinage,4,35,20260511_212709
529,848.4892811809434,1000.0,RS-detection + Illinois-affinage,4,35,20260511_212709
530,849.8622743486978,1000.0,RS-detection + Illinois-affinage,4,35,20260511_212709
531,850.6454484660042,1000.0,RS-detection + Illinois-affinage,4,35,20260511_212709
532,853.1631125833892,1000.0,RS-detection + Illinois-affinage,4,35,20260511_212709
533,854.095511719869,1000.0,RS-detection + Illinois-affinage,4,35,20260511_212709
534,855.286710244405,1000.0,RS-detection + Illinois-affinage,4,35,20260511_212709
535,856.4841174907917,1000.0,RS-detection + Illinois-affinage,4,35,20260511_212709
536,857.3107406026037,1000.0,RS-detection + Illinois-affinage,4,35,20260511_212709
537,858.9040264664757,1000.0,RS-detection + Illinois-affinage,4,35,20260511_212709
538,860.4106708960146,1000.0,RS-detection + Illinois-affinage,4,35,20260511_212709
539,861.1710982127154,1000.0,RS-detection + Illinois-affinage,4,35,20260511_212709
540,863.1897197719089,1000.0,RS-detection + Illinois-affinage,4,35,20260511_212709
541,864.3408239300695,1000.0,RS-detection + Illinois-affinage,4,35,20260511_212709
542,865.594664326516,1000.0,RS-detection + Illinois-affinage,4,35,20260511_212709
543,866.4237399040426,1000.0,RS-detection + Illinois-affinage,4,35,20260511_212709
544,867.693122611785,1000.0,RS-detection + Illinois-affinage,4,35,20260511_212709
545,868.6704942291316,1000.0,RS-detection + Illinois-affinage,4,35,20260511_212709
546,870.8469023257541,1000.0,RS-detection + Illinois-affinage,4,35,20260511_212709
547,872.1887508216132,1000.0,RS-detection + Illinois-affinage,4,35,20260511_212709
548,873.098978971282,1000.0,RS-detection + Illinois-affinage,4,35,20260511_212709
549,873.9083892353373,1000.0,RS-detection + Illinois-affinage,4,35,20260511_212709
550,875.9852851087803,1000.0,RS-detection + Illinois-affinage,4,35,20260511_212709
551,876.6008258330274,1000.0,RS-detection + Illinois-affinage,4,35,20260511_212709
552,877.6546983410335,1000.0,RS-detection + Illinois-affinage,4,35,20260511_212709
553,879.380951969791,1000.0,RS-detection + Illinois-affinage,4,35,20260511_212709
554,880.8346488479394,1000.0,RS-detection + Illinois-affinage,4,35,20260511_212709
555,882.3866966271964,1000.0,RS-detection + Illinois-affinage,4,35,20260511_212709
556,883.4303318387016,1000.0,RS-detection + Illinois-affinage,4,35,20260511_212709
557,884.1987431145948,1000.0,RS-detection + Illinois-affinage,4,35,20260511_212709
558,885.2723044796171,1000.0,RS-detection + Illinois-affinage,4,35,20260511_212709
559,886.8528019629163,1000.0,RS-detection + Illinois-affinage,4,35,20260511_212709
560,888.4755666738172,1000.0,RS-detection + Illinois-affinage,4,35,20260511_212709
561,889.7352942940907,1000.0,RS-detection + Illinois-affinage,4,35,20260511_212709
562,890.813132112528,1000.0,RS-detection + Illinois-affinage,4,35,20260511_212709
563,892.3864332601559,1000.0,RS-detection + Illinois-affinage,4,35,20260511_212709
564,893.119117567294,1000.0,RS-detection + Illinois-affinage,4,35,20260511_212709
565,894.8862923208687,1000.0,RS-detection + Illinois-affinage,4,35,20260511_212709
566,895.397919674783,1000.0,RS-detection + Illinois-affinage,4,35,20260511_212709
567,896.6322515562027,1000.0,RS-detection + Illinois-affinage,4,35,20260511_212709
568,899.2215226683835,1000.0,RS-detection + Illinois-affinage,4,35,20260511_212709
569,899.8588846079374,1000.0,RS-detection + Illinois-affinage,4,35,20260511_212709
570,900.8497398605215,1000.0,RS-detection + Illinois-affinage,4,35,20260511_212709
571,902.2432075867523,1000.0,RS-detection + Illinois-affinage,4,35,20260511_212709
572,903.0996744426304,1000.0,RS-detection + Illinois-affinage,4,35,20260511_212709
573,904.7029027222812,1000.0,RS-detection + Illinois-affinage,4,35,20260511_212709
574,905.8299407582222,1000.0,RS-detection + Illinois-affinage,4,35,20260511_212709
575,907.6567294689676,1000.0,RS-detection + Illinois-affinage,4,35,20260511_212709
576,908.3335436450609,1000.0,RS-detection + Illinois-affinage,4,35,20260511_212709
577,910.1863340571798,1000.0,RS-detection + Illinois-affinage,4,35,20260511_212709
578,911.2349514859555,1000.0,RS-detection + Illinois-affinage,4,35,20260511_212709
579,912.3310456000356,1000.0,RS-detection + Illinois-affinage,4,35,20260511_212709
580,912.8239992467434,1000.0,RS-detection + Illinois-affinage,4,35,20260511_212709
581,914.7300969583756,1000.0,RS-detection + Illinois-affinage,4,35,20260511_212709
582,916.3550008086428,1000.0,RS-detection + Illinois-affinage,4,35,20260511_212709
583,917.8253775704268,1000.0,RS-detection + Illinois-affinage,4,35,20260511_212709
584,918.8365352435289,1000.0,RS-detection + Illinois-affinage,4,35,20260511_212709
585,919.4483444396824,1000.0,RS-detection + Illinois-affinage,4,35,20260511_212709
586,921.1563955071549,1000.0,RS-detection + Illinois-affinage,4,35,20260511_212709
587,922.5006293066368,1000.0,RS-detection + Illinois-affinage,4,35,20260511_212709
588,923.2857198024222,1000.0,RS-detection + Illinois-affinage,4,35,20260511_212709
589,924.7734839334767,1000.0,RS-detection + Illinois-affinage,4,35,20260511_212709
590,926.551552784603,1000.0,RS-detection + Illinois-affinage,4,35,20260511_212709
591,927.8508589857536,1000.0,RS-detection + Illinois-affinage,4,35,20260511_212709
592,928.663659328935,1000.0,RS-detection + Illinois-affinage,4,35,20260511_212709
593,929.8740928506478,1000.0,RS-detection + Illinois-affinage,4,35,20260511_212709
594,931.0092113366281,1000.0,RS-detection + Illinois-affinage,4,35,20260511_212709
595,931.85274074552,1000.0,RS-detection + Illinois-affinage,4,35,20260511_212709
596,934.3853068372584,1000.0,RS-detection + Illinois-affinage,4,35,20260511_212709
597,934.9954248638464,1000.0,RS-detection + Illinois-affinage,4,35,20260511_212709
598,936.228649379283,1000.0,RS-detection + Illinois-affinage,4,35,20260511_212709
599,937.5329257119704,1000.0,RS-detection + Illinois-affinage,4,35,20260511_212709
600,939.0243008992184,1000.0,RS-detection + Illinois-affinage,4,35,20260511_212709
601,939.6609406145282,1000.0,RS-detection + Illinois-affinage,4,35,20260511_212709
602,941.1569996420424,1000.0,RS-detection + Illinois-affinage,4,35,20260511_212709
603,942.0523416433755,1000.0,RS-detection + Illinois-affinage,4,35,20260511_212709
604,944.1880358095727,1000.0,RS-detection + Illinois-affinage,4,35,20260511_212709
605,945.333562503046,1000.0,RS-detection + Illinois-affinage,4,35,20260511_212709
606,946.7658422047278,1000.0,RS-detection + Illinois-affinage,4,35,20260511_212709
607,947.0791830962548,1000.0,RS-detection + Illinois-affinage,4,35,20260511_212709
608,948.3466462550448,1000.0,RS-detection + Illinois-affinage,4,35,20260511_212709
609,950.1516126846439,1000.0,RS-detection + Illinois-affinage,4,35,20260511_212709
610,951.0332487338234,1000.0,RS-detection + Illinois-affinage,4,35,20260511_212709
611,952.7279886198506,1000.0,RS-detection + Illinois-affinage,4,35,20260511_212709
612,954.1297192695514,1000.0,RS-detection + Illinois-affinage,4,35,20260511_212709
613,954.8293089382166,1000.0,RS-detection + Illinois-affinage,4,35,20260511_212709
614,956.6754793432898,1000.0,RS-detection + Illinois-affinage,4,35,20260511_212709
615,957.5100525964237,1000.0,RS-detection + Illinois-affinage,4,35,20260511_212709
616,958.4145933901362,1000.0,RS-detection + Illinois-affinage,4,35,20260511_212709
617,959.4591688070682,1000.0,RS-detection + Illinois-affinage,4,35,20260511_212709
618,961.6695724741927,1000.0,RS-detection + Illinois-affinage,4,35,20260511_212709
619,963.1820866713115,1000.0,RS-detection + Illinois-affinage,4,35,20260511_212709
620,963.5670401916123,1000.0,RS-detection + Illinois-affinage,4,35,20260511_212709
621,965.0555796237511,1000.0,RS-detection + Illinois-affinage,4,35,20260511_212709
622,966.1107548184102,1000.0,RS-detection + Illinois-affinage,4,35,20260511_212709
623,967.3711537662629,1000.0,RS-detection + Illinois-affinage,4,35,20260511_212709
624,968.6363019060873,1000.0,RS-detection + Illinois-affinage,4,35,20260511_212709
625,970.1256105569412,1000.0,RS-detection + Illinois-affinage,4,35,20260511_212709
626,971.0714914863856,1000.0,RS-detection + Illinois-affinage,4,35,20260511_212709
627,973.1853612943012,1000.0,RS-detection + Illinois-affinage,4,35,20260511_212709
628,973.8730789926536,1000.0,RS-detection + Illinois-affinage,4,35,20260511_212709
629,974.7746350658374,1000.0,RS-detection + Illinois-affinage,4,35,20260511_212709
630,976.1785024205897,1000.0,RS-detection + Illinois-affinage,4,35,20260511_212709
631,976.9172021170506,1000.0,RS-detection + Illinois-affinage,4,35,20260511_212709
632,978.766671535113,1000.0,RS-detection + Illinois-affinage,4,35,20260511_212709
633,980.5780006397745,1000.0,RS-detection + Illinois-affinage,4,35,20260511_212709
634,981.2886153017589,1000.0,RS-detection + Illinois-affinage,4,35,20260511_212709
635,982.396485168779,1000.0,RS-detection + Illinois-affinage,4,35,20260511_212709
636,983.5750760064313,1000.0,RS-detection + Illinois-affinage,4,35,20260511_212709
637,985.1869286557735,1000.0,RS-detection + Illinois-affinage,4,35,20260511_212709
638,986.1305151101845,1000.0,RS-detection + Illinois-affinage,4,35,20260511_212709
639,986.756008407656,1000.0,RS-detection + Illinois-affinage,4,35,20260511_212709
640,988.9926223706574,1000.0,RS-detection + Illinois-affinage,4,35,20260511_212709
641,990.223917804028,1000.0,RS-detection + Illinois-affinage,4,35,20260511_212709
642,991.3742941477617,1000.0,RS-detection + Illinois-affinage,4,35,20260511_212709
643,992.7286963367327,1000.0,RS-detection + Illinois-affinage,4,35,20260511_212709
644,993.214580957443,1000.0,RS-detection + Illinois-affinage,4,35,20260511_212709
645,994.4045905710944,1000.0,RS-detection + Illinois-affinage,4,35,20260511_212709
646,996.2053361642983,1000.0,RS-detection + Illinois-affinage,4,35,20260511_212709
647,997.5119347519392,1000.0,RS-detection + Illinois-affinage,4,35,20260511_212709
648,998.8275471369296,1000.0,RS-detection + Illinois-affinage,4,35,20260511_212709
649,999.7915715574129,1000.0,RS-detection + Illinois-affinage,4,35,20260511_212709
