n,partie_imaginaire,T_MAX,methode,n_workers,turing_complet,calcule_le
1,14.134725141734695,1000.0,RS-detection + Illinois-affinage,4,False,20260510_204344
2,21.022039638771556,1000.0,RS-detection + Illinois-affinage,4,False,20260510_204344
3,25.01085758014569,1000.0,RS-detection + Illinois-affinage,4,False,20260510_204344
4,30.424876125859512,1000.0,RS-detection + Illinois-affinage,4,False,20260510_204344
5,32.935061587739085,1000.0,RS-detection + Illinois-affinage,4,False,20260510_204344
6,37.58617815882567,1000.0,RS-detection + Illinois-affinage,4,False,20260510_204344
7,40.9187190121475,1000.0,RS-detection + Illinois-affinage,4,False,20260510_204344
8,43.32707328091489,1000.0,RS-detection + Illinois-affinage,4,False,20260510_204344
9,48.00515088116716,1000.0,RS-detection + Illinois-affinage,4,False,20260510_204344
10,49.7738324776723,1000.0,RS-detection + Illinois-affinage,4,False,20260510_204344
11,52.97032147771446,1000.0,RS-detection + Illinois-affinage,4,False,20260510_204344
12,56.44624769706339,1000.0,RS-detection + Illinois-affinage,4,False,20260510_204344
13,59.34704400260235,1000.0,RS-detection + Illinois-affinage,4,False,20260510_204344
14,60.83177852460981,1000.0,RS-detection + Illinois-affinage,4,False,20260510_204344
15,65.1125440480816,1000.0,RS-detection + Illinois-affinage,4,False,20260510_204344
16,67.0798105294938,1000.0,RS-detection + Illinois-affinage,4,False,20260510_204344
17,69.54640171117398,1000.0,RS-detection + Illinois-affinage,4,False,20260510_204344
18,72.06715767448189,1000.0,RS-detection + Illinois-affinage,4,False,20260510_204344
19,75.70469069908397,1000.0,RS-detection + Illinois-affinage,4,False,20260510_204344
20,77.14484006887481,1000.0,RS-detection + Illinois-affinage,4,False,20260510_204344
21,79.33737502024915,1000.0,RS-detection + Illinois-affinage,4,False,20260510_204344
22,82.91038085408603,1000.0,RS-detection + Illinois-affinage,4,False,20260510_204344
23,84.73549298051705,1000.0,RS-detection + Illinois-affinage,4,False,20260510_204344
24,87.42527461312524,1000.0,RS-detection + Illinois-affinage,4,False,20260510_204344
25,88.80911120763446,1000.0,RS-detection + Illinois-affinage,4,False,20260510_204344
26,92.49189927055849,1000.0,RS-detection + Illinois-affinage,4,False,20260510_204344
27,94.65134404051989,1000.0,RS-detection + Illinois-affinage,4,False,20260510_204344
28,95.87063422824531,1000.0,RS-detection + Illinois-affinage,4,False,20260510_204344
29,98.83119421819369,1000.0,RS-detection + Illinois-affinage,4,False,20260510_204344
30,101.31785100573138,1000.0,RS-detection + Illinois-affinage,4,False,20260510_204344
31,103.72553804047834,1000.0,RS-detection + Illinois-affinage,4,False,20260510_204344
32,105.44662305232609,1000.0,RS-detection + Illinois-affinage,4,False,20260510_204344
33,107.16861118427641,1000.0,RS-detection + Illinois-affinage,4,False,20260510_204344
34,111.02953554316967,1000.0,RS-detection + Illinois-affinage,4,False,20260510_204344
35,111.87465917699264,1000.0,RS-detection + Illinois-affinage,4,False,20260510_204344
36,114.32022091545271,1000.0,RS-detection + Illinois-affinage,4,False,20260510_204344
37,116.22668032085753,1000.0,RS-detection + Illinois-affinage,4,False,20260510_204344
38,118.79078286597623,1000.0,RS-detection + Illinois-affinage,4,False,20260510_204344
39,121.37012500242065,1000.0,RS-detection + Illinois-affinage,4,False,20260510_204344
40,122.94682929355258,1000.0,RS-detection + Illinois-affinage,4,False,20260510_204344
41,124.25681855434577,1000.0,RS-detection + Illinois-affinage,4,False,20260510_204344
42,127.5166838795965,1000.0,RS-detection + Illinois-affinage,4,False,20260510_204344
43,129.57870419995604,1000.0,RS-detection + Illinois-affinage,4,False,20260510_204344
44,131.08768853093267,1000.0,RS-detection + Illinois-affinage,4,False,20260510_204344
45,133.4977372029976,1000.0,RS-detection + Illinois-affinage,4,False,20260510_204344
46,134.75650975337388,1000.0,RS-detection + Illinois-affinage,4,False,20260510_204344
47,138.11604205453344,1000.0,RS-detection + Illinois-affinage,4,False,20260510_204344
48,139.7362089521214,1000.0,RS-detection + Illinois-affinage,4,False,20260510_204344
49,141.12370740402113,1000.0,RS-detection + Illinois-affinage,4,False,20260510_204344
50,143.11184580762063,1000.0,RS-detection + Illinois-affinage,4,False,20260510_204344
51,146.0009824867655,1000.0,RS-detection + Illinois-affinage,4,False,20260510_204344
52,147.42276534255947,1000.0,RS-detection + Illinois-affinage,4,False,20260510_204344
53,150.05352042078488,1000.0,RS-detection + Illinois-affinage,4,False,20260510_204344
54,150.92525761224147,1000.0,RS-detection + Illinois-affinage,4,False,20260510_204344
55,153.0246938111989,1000.0,RS-detection + Illinois-affinage,4,False,20260510_204344
56,156.1129092942379,1000.0,RS-detection + Illinois-affinage,4,False,20260510_204344
57,157.59759181759406,1000.0,RS-detection + Illinois-affinage,4,False,20260510_204344
58,158.8499881714205,1000.0,RS-detection + Illinois-affinage,4,False,20260510_204344
59,161.18896413759603,1000.0,RS-detection + Illinois-affinage,4,False,20260510_204344
60,163.030709687182,1000.0,RS-detection + Illinois-affinage,4,False,20260510_204344
61,165.5370691879004,1000.0,RS-detection + Illinois-affinage,4,False,20260510_204344
62,167.1844399781747,1000.0,RS-detection + Illinois-affinage,4,False,20260510_204344
63,169.09451541556882,1000.0,RS-detection + Illinois-affinage,4,False,20260510_204344
64,169.9119764794117,1000.0,RS-detection + Illinois-affinage,4,False,20260510_204344
65,173.41153651959155,1000.0,RS-detection + Illinois-affinage,4,False,20260510_204344
66,174.75419152336573,1000.0,RS-detection + Illinois-affinage,4,False,20260510_204344
67,176.44143429771043,1000.0,RS-detection + Illinois-affinage,4,False,20260510_204344
68,178.37740777609997,1000.0,RS-detection + Illinois-affinage,4,False,20260510_204344
69,179.91648402025695,1000.0,RS-detection + Illinois-affinage,4,False,20260510_204344
70,182.20707848436646,1000.0,RS-detection + Illinois-affinage,4,False,20260510_204344
71,184.8744678483875,1000.0,RS-detection + Illinois-affinage,4,False,20260510_204344
72,185.5987836777071,1000.0,RS-detection + Illinois-affinage,4,False,20260510_204344
73,187.22892258350186,1000.0,RS-detection + Illinois-affinage,4,False,20260510_204344
74,189.41615865601693,1000.0,RS-detection + Illinois-affinage,4,False,20260510_204344
75,192.0266563607138,1000.0,RS-detection + Illinois-affinage,4,False,20260510_204344
76,193.07972660384567,1000.0,RS-detection + Illinois-affinage,4,False,20260510_204344
77,195.26539667952926,1000.0,RS-detection + Illinois-affinage,4,False,20260510_204344
78,196.87648184095832,1000.0,RS-detection + Illinois-affinage,4,False,20260510_204344
79,198.01530967625192,1000.0,RS-detection + Illinois-affinage,4,False,20260510_204344
80,201.26475194370377,1000.0,RS-detection + Illinois-affinage,4,False,20260510_204344
81,202.49359451414054,1000.0,RS-detection + Illinois-affinage,4,False,20260510_204344
82,204.18967180310455,1000.0,RS-detection + Illinois-affinage,4,False,20260510_204344
83,205.3946972021633,1000.0,RS-detection + Illinois-affinage,4,False,20260510_204344
84,207.9062588878062,1000.0,RS-detection + Illinois-affinage,4,False,20260510_204344
85,209.57650971685626,1000.0,RS-detection + Illinois-affinage,4,False,20260510_204344
86,211.6908625953653,1000.0,RS-detection + Illinois-affinage,4,False,20260510_204344
87,213.34791935971265,1000.0,RS-detection + Illinois-affinage,4,False,20260510_204344
88,214.54704478349143,1000.0,RS-detection + Illinois-affinage,4,False,20260510_204344
89,216.16953850826349,1000.0,RS-detection + Illinois-affinage,4,False,20260510_204344
90,219.06759634902147,1000.0,RS-detection + Illinois-affinage,4,False,20260510_204344
91,220.714918839314,1000.0,RS-detection + Illinois-affinage,4,False,20260510_204344
92,221.43070555469333,1000.0,RS-detection + Illinois-affinage,4,False,20260510_204344
93,224.00700025460432,1000.0,RS-detection + Illinois-affinage,4,False,20260510_204344
94,224.9833246695823,1000.0,RS-detection + Illinois-affinage,4,False,20260510_204344
95,227.4214442796793,1000.0,RS-detection + Illinois-affinage,4,False,20260510_204344
96,229.33741330552536,1000.0,RS-detection + Illinois-affinage,4,False,20260510_204344
97,231.25018870049917,1000.0,RS-detection + Illinois-affinage,4,False,20260510_204344
98,231.98723525318024,1000.0,RS-detection + Illinois-affinage,4,False,20260510_204344
99,233.6934041789083,1000.0,RS-detection + Illinois-affinage,4,False,20260510_204344
100,236.52422966581622,1000.0,RS-detection + Illinois-affinage,4,False,20260510_204344
101,237.7698204809252,1000.0,RS-detection + Illinois-affinage,4,False,20260510_204344
102,239.5554775733277,1000.0,RS-detection + Illinois-affinage,4,False,20260510_204344
103,241.04915779621658,1000.0,RS-detection + Illinois-affinage,4,False,20260510_204344
104,242.82327193422262,1000.0,RS-detection + Illinois-affinage,4,False,20260510_204344
105,244.07089849707816,1000.0,RS-detection + Illinois-affinage,4,False,20260510_204344
106,247.1369900748975,1000.0,RS-detection + Illinois-affinage,4,False,20260510_204344
107,248.10199006014847,1000.0,RS-detection + Illinois-affinage,4,False,20260510_204344
108,249.5736896447072,1000.0,RS-detection + Illinois-affinage,4,False,20260510_204344
109,251.01494779501581,1000.0,RS-detection + Illinois-affinage,4,False,20260510_204344
110,253.06998674799948,1000.0,RS-detection + Illinois-affinage,4,False,20260510_204344
111,255.30625645491403,1000.0,RS-detection + Illinois-affinage,4,False,20260510_204344
112,256.38071369443446,1000.0,RS-detection + Illinois-affinage,4,False,20260510_204344
113,258.6104394915315,1000.0,RS-detection + Illinois-affinage,4,False,20260510_204344
114,259.874406989678,1000.0,RS-detection + Illinois-affinage,4,False,20260510_204344
115,260.8050845045969,1000.0,RS-detection + Illinois-affinage,4,False,20260510_204344
116,263.57389390487015,1000.0,RS-detection + Illinois-affinage,4,False,20260510_204344
117,265.55785183887633,1000.0,RS-detection + Illinois-affinage,4,False,20260510_204344
118,266.6149737815011,1000.0,RS-detection + Illinois-affinage,4,False,20260510_204344
119,267.92191508282406,1000.0,RS-detection + Illinois-affinage,4,False,20260510_204344
120,269.9704490239976,1000.0,RS-detection + Illinois-affinage,4,False,20260510_204344
121,271.49405564164493,1000.0,RS-detection + Illinois-affinage,4,False,20260510_204344
122,273.4596091884033,1000.0,RS-detection + Illinois-affinage,4,False,20260510_204344
123,275.58749264934386,1000.0,RS-detection + Illinois-affinage,4,False,20260510_204344
124,276.45204950313297,1000.0,RS-detection + Illinois-affinage,4,False,20260510_204344
125,278.25074352984194,1000.0,RS-detection + Illinois-affinage,4,False,20260510_204344
126,279.22925092774517,1000.0,RS-detection + Illinois-affinage,4,False,20260510_204344
127,282.4651147650521,1000.0,RS-detection + Illinois-affinage,4,False,20260510_204344
128,283.2111857332339,1000.0,RS-detection + Illinois-affinage,4,False,20260510_204344
129,284.8359639809047,1000.0,RS-detection + Illinois-affinage,4,False,20260510_204344
130,286.66744536300286,1000.0,RS-detection + Illinois-affinage,4,False,20260510_204344
131,287.9119205014222,1000.0,RS-detection + Illinois-affinage,4,False,20260510_204344
132,289.5798549292188,1000.0,RS-detection + Illinois-affinage,4,False,20260510_204344
133,291.84629132906736,1000.0,RS-detection + Illinois-affinage,4,False,20260510_204344
134,293.5584341393563,1000.0,RS-detection + Illinois-affinage,4,False,20260510_204344
135,294.9653696192656,1000.0,RS-detection + Illinois-affinage,4,False,20260510_204344
136,295.5732548789583,1000.0,RS-detection + Illinois-affinage,4,False,20260510_204344
137,297.9792770619434,1000.0,RS-detection + Illinois-affinage,4,False,20260510_204344
138,299.8403260537213,1000.0,RS-detection + Illinois-affinage,4,False,20260510_204344
139,301.6493254621942,1000.0,RS-detection + Illinois-affinage,4,False,20260510_204344
140,302.6967495896069,1000.0,RS-detection + Illinois-affinage,4,False,20260510_204344
141,304.8643713408573,1000.0,RS-detection + Illinois-affinage,4,False,20260510_204344
142,305.7289126020368,1000.0,RS-detection + Illinois-affinage,4,False,20260510_204344
143,307.2194961281701,1000.0,RS-detection + Illinois-affinage,4,False,20260510_204344
144,310.1094631467019,1000.0,RS-detection + Illinois-affinage,4,False,20260510_204344
145,311.16514153035604,1000.0,RS-detection + Illinois-affinage,4,False,20260510_204344
146,312.42780118060085,1000.0,RS-detection + Illinois-affinage,4,False,20260510_204344
147,313.98528573115874,1000.0,RS-detection + Illinois-affinage,4,False,20260510_204344
148,315.47561608947575,1000.0,RS-detection + Illinois-affinage,4,False,20260510_204344
149,317.73480594237014,1000.0,RS-detection + Illinois-affinage,4,False,20260510_204344
150,318.8531042563166,1000.0,RS-detection + Illinois-affinage,4,False,20260510_204344
151,321.1601343091136,1000.0,RS-detection + Illinois-affinage,4,False,20260510_204344
152,322.1445586724829,1000.0,RS-detection + Illinois-affinage,4,False,20260510_204344
153,323.4669695575121,1000.0,RS-detection + Illinois-affinage,4,False,20260510_204344
154,324.8628660517396,1000.0,RS-detection + Illinois-affinage,4,False,20260510_204344
155,327.44390126190547,1000.0,RS-detection + Illinois-affinage,4,False,20260510_204344
156,329.03307168048093,1000.0,RS-detection + Illinois-affinage,4,False,20260510_204344
157,329.9532397282338,1000.0,RS-detection + Illinois-affinage,4,False,20260510_204344
158,331.4744675826634,1000.0,RS-detection + Illinois-affinage,4,False,20260510_204344
159,333.64537852486984,1000.0,RS-detection + Illinois-affinage,4,False,20260510_204344
160,334.21135483324423,1000.0,RS-detection + Illinois-affinage,4,False,20260510_204344
161,336.84185042839067,1000.0,RS-detection + Illinois-affinage,4,False,20260510_204344
162,338.3399928508066,1000.0,RS-detection + Illinois-affinage,4,False,20260510_204344
163,339.85821672536355,1000.0,RS-detection + Illinois-affinage,4,False,20260510_204344
164,341.04226111104657,1000.0,RS-detection + Illinois-affinage,4,False,20260510_204344
165,342.0548775103636,1000.0,RS-detection + Illinois-affinage,4,False,20260510_204344
166,344.6617029402523,1000.0,RS-detection + Illinois-affinage,4,False,20260510_204344
167,346.3478705660101,1000.0,RS-detection + Illinois-affinage,4,False,20260510_204344
168,347.2726775844205,1000.0,RS-detection + Illinois-affinage,4,False,20260510_204344
169,349.31626087069617,1000.0,RS-detection + Illinois-affinage,4,False,20260510_204344
170,350.4084193491921,1000.0,RS-detection + Illinois-affinage,4,False,20260510_204344
171,351.87864902535927,1000.0,RS-detection + Illinois-affinage,4,False,20260510_204344
172,353.48890048871885,1000.0,RS-detection + Illinois-affinage,4,False,20260510_204344
173,356.017574977265,1000.0,RS-detection + Illinois-affinage,4,False,20260510_204344
174,357.15130225203967,1000.0,RS-detection + Illinois-affinage,4,False,20260510_204344
175,357.95268510163226,1000.0,RS-detection + Illinois-affinage,4,False,20260510_204344
176,359.74375495311443,1000.0,RS-detection + Illinois-affinage,4,False,20260510_204344
177,361.28936169580464,1000.0,RS-detection + Illinois-affinage,4,False,20260510_204344
178,363.33133057897385,1000.0,RS-detection + Illinois-affinage,4,False,20260510_204344
179,364.736024114089,1000.0,RS-detection + Illinois-affinage,4,False,20260510_204344
180,366.2127102883313,1000.0,RS-detection + Illinois-affinage,4,False,20260510_204344
181,367.9935754817403,1000.0,RS-detection + Illinois-affinage,4,False,20260510_204344
182,368.96843809573437,1000.0,RS-detection + Illinois-affinage,4,False,20260510_204344
183,370.050919212106,1000.0,RS-detection + Illinois-affinage,4,False,20260510_204344
184,373.06192837211285,1000.0,RS-detection + Illinois-affinage,4,False,20260510_204344
185,373.86487391090856,1000.0,RS-detection + Illinois-affinage,4,False,20260510_204344
186,375.82591276673935,1000.0,RS-detection + Illinois-affinage,4,False,20260510_204344
187,376.32409223066804,1000.0,RS-detection + Illinois-affinage,4,False,20260510_204344
188,378.4366802499655,1000.0,RS-detection + Illinois-affinage,4,False,20260510_204344
189,379.87297534653237,1000.0,RS-detection + Illinois-affinage,4,False,20260510_204344
190,381.48446861718656,1000.0,RS-detection + Illinois-affinage,4,False,20260510_204344
191,383.4435294495365,1000.0,RS-detection + Illinois-affinage,4,False,20260510_204344
192,384.95611681486366,1000.0,RS-detection + Illinois-affinage,4,False,20260510_204344
193,385.86130084597426,1000.0,RS-detection + Illinois-affinage,4,False,20260510_204344
194,387.222890222388,1000.0,RS-detection + Illinois-affinage,4,False,20260510_204344
195,388.8461283542323,1000.0,RS-detection + Illinois-affinage,4,False,20260510_204344
196,391.45608356363806,1000.0,RS-detection + Illinois-affinage,4,False,20260510_204344
197,392.2450833395191,1000.0,RS-detection + Illinois-affinage,4,False,20260510_204344
198,393.427743844434,1000.0,RS-detection + Illinois-affinage,4,False,20260510_204344
199,395.58287001099376,1000.0,RS-detection + Illinois-affinage,4,False,20260510_204344
200,396.3818542225922,1000.0,RS-detection + Illinois-affinage,4,False,20260510_204344
201,397.9187362096144,1000.0,RS-detection + Illinois-affinage,4,False,20260510_204344
202,399.9851198761949,1000.0,RS-detection + Illinois-affinage,4,False,20260510_204344
203,401.8392286005334,1000.0,RS-detection + Illinois-affinage,4,False,20260510_204344
204,402.8619177638861,1000.0,RS-detection + Illinois-affinage,4,False,20260510_204344
205,404.236441800208,1000.0,RS-detection + Illinois-affinage,4,False,20260510_204344
206,405.13438745990993,1000.0,RS-detection + Illinois-affinage,4,False,20260510_204344
207,407.5814603868962,1000.0,RS-detection + Illinois-affinage,4,False,20260510_204344
208,408.9472455023511,1000.0,RS-detection + Illinois-affinage,4,False,20260510_204344
209,410.51386919336665,1000.0,RS-detection + Illinois-affinage,4,False,20260510_204344
210,411.9722678042788,1000.0,RS-detection + Illinois-affinage,4,False,20260510_204344
211,413.26273607018504,1000.0,RS-detection + Illinois-affinage,4,False,20260510_204344
212,415.01880975515513,1000.0,RS-detection + Illinois-affinage,4,False,20260510_204344
213,415.4552149962946,1000.0,RS-detection + Illinois-affinage,4,False,20260510_204344
214,418.3877057895348,1000.0,RS-detection + Illinois-affinage,4,False,20260510_204344
215,419.8613648181523,1000.0,RS-detection + Illinois-affinage,4,False,20260510_204344
216,420.64382762504175,1000.0,RS-detection + Illinois-affinage,4,False,20260510_204344
217,422.07671005882673,1000.0,RS-detection + Illinois-affinage,4,False,20260510_204344
218,423.716579627482,1000.0,RS-detection + Illinois-affinage,4,False,20260510_204344
219,425.06988249446135,1000.0,RS-detection + Illinois-affinage,4,False,20260510_204344
220,427.2088250840746,1000.0,RS-detection + Illinois-affinage,4,False,20260510_204344
221,428.12791407661666,1000.0,RS-detection + Illinois-affinage,4,False,20260510_204344
222,430.32874543093885,1000.0,RS-detection + Illinois-affinage,4,False,20260510_204344
223,431.3013069307036,1000.0,RS-detection + Illinois-affinage,4,False,20260510_204344
224,432.1386417345886,1000.0,RS-detection + Illinois-affinage,4,False,20260510_204344
225,433.88921848092724,1000.0,RS-detection + Illinois-affinage,4,False,20260510_204344
226,436.16100643264707,1000.0,RS-detection + Illinois-affinage,4,False,20260510_204344
227,437.58169816766866,1000.0,RS-detection + Illinois-affinage,4,False,20260510_204344
228,438.62173865627216,1000.0,RS-detection + Illinois-affinage,4,False,20260510_204344
229,439.91844221437066,1000.0,RS-detection + Illinois-affinage,4,False,20260510_204344
230,441.683199201189,1000.0,RS-detection + Illinois-affinage,4,False,20260510_204344
231,442.90454630260945,1000.0,RS-detection + Illinois-affinage,4,False,20260510_204344
232,444.31933627755916,1000.0,RS-detection + Illinois-affinage,4,False,20260510_204344
233,446.8606226964295,1000.0,RS-detection + Illinois-affinage,4,False,20260510_204344
234,447.4417041944933,1000.0,RS-detection + Illinois-affinage,4,False,20260510_204344
235,449.1485456850233,1000.0,RS-detection + Illinois-affinage,4,False,20260510_204344
236,450.1269457803132,1000.0,RS-detection + Illinois-affinage,4,False,20260510_204344
237,451.4033084453888,1000.0,RS-detection + Illinois-affinage,4,False,20260510_204344
238,453.9867378066779,1000.0,RS-detection + Illinois-affinage,4,False,20260510_204344
239,454.9746837686168,1000.0,RS-detection + Illinois-affinage,4,False,20260510_204344
240,456.32842668924604,1000.0,RS-detection + Illinois-affinage,4,False,20260510_204344
241,457.903893064103,1000.0,RS-detection + Illinois-affinage,4,False,20260510_204344
242,459.513415281106,1000.0,RS-detection + Illinois-affinage,4,False,20260510_204344
243,460.0879444221758,1000.0,RS-detection + Illinois-affinage,4,False,20260510_204344
244,462.06536727488253,1000.0,RS-detection + Illinois-affinage,4,False,20260510_204344
245,464.05728691054827,1000.0,RS-detection + Illinois-affinage,4,False,20260510_204344
246,465.6715392113711,1000.0,RS-detection + Illinois-affinage,4,False,20260510_204344
247,466.5702869308262,1000.0,RS-detection + Illinois-affinage,4,False,20260510_204344
248,467.43904621026167,1000.0,RS-detection + Illinois-affinage,4,False,20260510_204344
249,469.53600455911203,1000.0,RS-detection + Illinois-affinage,4,False,20260510_204344
250,470.77365547810166,1000.0,RS-detection + Illinois-affinage,4,False,20260510_204344
251,472.7991746619089,1000.0,RS-detection + Illinois-affinage,4,False,20260510_204344
252,473.8352323451397,1000.0,RS-detection + Illinois-affinage,4,False,20260510_204344
253,475.60033936937583,1000.0,RS-detection + Illinois-affinage,4,False,20260510_204344
254,476.7690152374845,1000.0,RS-detection + Illinois-affinage,4,False,20260510_204344
255,478.07526376667096,1000.0,RS-detection + Illinois-affinage,4,False,20260510_204344
256,478.9421815346348,1000.0,RS-detection + Illinois-affinage,4,False,20260510_204344
257,481.83033937628653,1000.0,RS-detection + Illinois-affinage,4,False,20260510_204344
258,482.8347827909824,1000.0,RS-detection + Illinois-affinage,4,False,20260510_204344
259,483.8514272124825,1000.0,RS-detection + Illinois-affinage,4,False,20260510_204344
260,485.539148129356,1000.0,RS-detection + Illinois-affinage,4,False,20260510_204344
261,486.52871826165125,1000.0,RS-detection + Illinois-affinage,4,False,20260510_204344
262,488.38056709001745,1000.0,RS-detection + Illinois-affinage,4,False,20260510_204344
263,489.66176157795616,1000.0,RS-detection + Illinois-affinage,4,False,20260510_204344
264,491.398821593663,1000.0,RS-detection + Illinois-affinage,4,False,20260510_204344
265,493.3144415817857,1000.0,RS-detection + Illinois-affinage,4,False,20260510_204344
266,493.9579978053695,1000.0,RS-detection + Illinois-affinage,4,False,20260510_204344
267,495.35882882213093,1000.0,RS-detection + Illinois-affinage,4,False,20260510_204344
268,496.4296962157591,1000.0,RS-detection + Illinois-affinage,4,False,20260510_204344
269,498.58078242968656,1000.0,RS-detection + Illinois-affinage,4,False,20260510_204344
270,500.3090849416906,1000.0,RS-detection + Illinois-affinage,4,False,20260510_204344
271,501.6044469651455,1000.0,RS-detection + Illinois-affinage,4,False,20260510_204344
272,502.27627032711825,1000.0,RS-detection + Illinois-affinage,4,False,20260510_204344
273,504.49977331342774,1000.0,RS-detection + Illinois-affinage,4,False,20260510_204344
274,505.41523174224443,1000.0,RS-detection + Illinois-affinage,4,False,20260510_204344
275,506.46415270952355,1000.0,RS-detection + Illinois-affinage,4,False,20260510_204344
276,508.80070033646786,1000.0,RS-detection + Illinois-affinage,4,False,20260510_204344
277,510.26422794367284,1000.0,RS-detection + Illinois-affinage,4,False,20260510_204344
278,511.5622897003746,1000.0,RS-detection + Illinois-affinage,4,False,20260510_204344
279,512.6231445314074,1000.0,RS-detection + Illinois-affinage,4,False,20260510_204344
280,513.6689855554737,1000.0,RS-detection + Illinois-affinage,4,False,20260510_204344
281,515.4350571672994,1000.0,RS-detection + Illinois-affinage,4,False,20260510_204344
282,517.5896685724674,1000.0,RS-detection + Illinois-affinage,4,False,20260510_204344
283,518.2342231475501,1000.0,RS-detection + Illinois-affinage,4,False,20260510_204344
284,520.1063104117233,1000.0,RS-detection + Illinois-affinage,4,False,20260510_204344
285,521.5251934494921,1000.0,RS-detection + Illinois-affinage,4,False,20260510_204344
286,522.4566961777302,1000.0,RS-detection + Illinois-affinage,4,False,20260510_204344
287,523.9605308920159,1000.0,RS-detection + Illinois-affinage,4,False,20260510_204344
288,525.0773856872796,1000.0,RS-detection + Illinois-affinage,4,False,20260510_204344
289,527.9036416012724,1000.0,RS-detection + Illinois-affinage,4,False,20260510_204344
290,528.4062138522927,1000.0,RS-detection + Illinois-affinage,4,False,20260510_204344
291,529.8062263187069,1000.0,RS-detection + Illinois-affinage,4,False,20260510_204344
292,530.866917883961,1000.0,RS-detection + Illinois-affinage,4,False,20260510_204344
293,532.6881830282938,1000.0,RS-detection + Illinois-affinage,4,False,20260510_204344
294,533.7796307537687,1000.0,RS-detection + Illinois-affinage,4,False,20260510_204344
295,535.6643140758732,1000.0,RS-detection + Illinois-affinage,4,False,20260510_204344
296,537.0697590831223,1000.0,RS-detection + Illinois-affinage,4,False,20260510_204344
297,538.4285261762479,1000.0,RS-detection + Illinois-affinage,4,False,20260510_204344
298,540.2131663762282,1000.0,RS-detection + Illinois-affinage,4,False,20260510_204344
299,540.6313902472951,1000.0,RS-detection + Illinois-affinage,4,False,20260510_204344
300,541.8474371212013,1000.0,RS-detection + Illinois-affinage,4,False,20260510_204344
301,544.3238901010052,1000.0,RS-detection + Illinois-affinage,4,False,20260510_204344
302,545.6368332489349,1000.0,RS-detection + Illinois-affinage,4,False,20260510_204344
303,547.0109120581224,1000.0,RS-detection + Illinois-affinage,4,False,20260510_204344
304,547.9316133644893,1000.0,RS-detection + Illinois-affinage,4,False,20260510_204344
305,549.4975675626614,1000.0,RS-detection + Illinois-affinage,4,False,20260510_204344
306,550.9700100394839,1000.0,RS-detection + Illinois-affinage,4,False,20260510_204344
307,552.0495722005649,1000.0,RS-detection + Illinois-affinage,4,False,20260510_204344
308,553.7649721191588,1000.0,RS-detection + Illinois-affinage,4,False,20260510_204344
309,555.7920205616825,1000.0,RS-detection + Illinois-affinage,4,False,20260510_204344
310,556.8994764068553,1000.0,RS-detection + Illinois-affinage,4,False,20260510_204344
311,557.5646591720586,1000.0,RS-detection + Illinois-affinage,4,False,20260510_204344
312,559.3162370286822,1000.0,RS-detection + Illinois-affinage,4,False,20260510_204344
313,560.2408074972957,1000.0,RS-detection + Illinois-affinage,4,False,20260510_204344
314,562.5592076160459,1000.0,RS-detection + Illinois-affinage,4,False,20260510_204344
315,564.1608791107864,1000.0,RS-detection + Illinois-affinage,4,False,20260510_204344
316,564.5060559381499,1000.0,RS-detection + Illinois-affinage,4,False,20260510_204344
317,566.698787682808,1000.0,RS-detection + Illinois-affinage,4,False,20260510_204344
318,567.7317579011769,1000.0,RS-detection + Illinois-affinage,4,False,20260510_204344
319,568.9239551796293,1000.0,RS-detection + Illinois-affinage,4,False,20260510_204344
320,570.0511147824636,1000.0,RS-detection + Illinois-affinage,4,False,20260510_204344
321,572.4199841324528,1000.0,RS-detection + Illinois-affinage,4,False,20260510_204344
322,573.6146105267582,1000.0,RS-detection + Illinois-affinage,4,False,20260510_204344
323,575.093886014495,1000.0,RS-detection + Illinois-affinage,4,False,20260510_204344
324,575.8072471409288,1000.0,RS-detection + Illinois-affinage,4,False,20260510_204344
325,577.0390034720982,1000.0,RS-detection + Illinois-affinage,4,False,20260510_204344
326,579.0988346720367,1000.0,RS-detection + Illinois-affinage,4,False,20260510_204344
327,580.1369593623846,1000.0,RS-detection + Illinois-affinage,4,False,20260510_204344
328,581.9465762659016,1000.0,RS-detection + Illinois-affinage,4,False,20260510_204344
329,583.2360882191673,1000.0,RS-detection + Illinois-affinage,4,False,20260510_204344
330,584.5617059034655,1000.0,RS-detection + Illinois-affinage,4,False,20260510_204344
331,585.9845632049884,1000.0,RS-detection + Illinois-affinage,4,False,20260510_204344
332,586.7427718912502,1000.0,RS-detection + Illinois-affinage,4,False,20260510_204344
333,588.1396632662479,1000.0,RS-detection + Illinois-affinage,4,False,20260510_204344
334,590.6603975167653,1000.0,RS-detection + Illinois-affinage,4,False,20260510_204344
335,591.7258580650482,1000.0,RS-detection + Illinois-affinage,4,False,20260510_204344
336,592.5713583002256,1000.0,RS-detection + Illinois-affinage,4,False,20260510_204344
337,593.974714682231,1000.0,RS-detection + Illinois-affinage,4,False,20260510_204344
338,595.7281536973888,1000.0,RS-detection + Illinois-affinage,4,False,20260510_204344
339,596.3627683283937,1000.0,RS-detection + Illinois-affinage,4,False,20260510_204344
340,598.4930773461647,1000.0,RS-detection + Illinois-affinage,4,False,20260510_204344
341,599.5456403643649,1000.0,RS-detection + Illinois-affinage,4,False,20260510_204344
342,601.6021367359326,1000.0,RS-detection + Illinois-affinage,4,False,20260510_204344
343,602.5791678863873,1000.0,RS-detection + Illinois-affinage,4,False,20260510_204344
344,603.6256189035792,1000.0,RS-detection + Illinois-affinage,4,False,20260510_204344
345,604.6162184937532,1000.0,RS-detection + Illinois-affinage,4,False,20260510_204344
346,606.383460422109,1000.0,RS-detection + Illinois-affinage,4,False,20260510_204344
347,608.4132173111873,1000.0,RS-detection + Illinois-affinage,4,False,20260510_204344
348,609.3895751547201,1000.0,RS-detection + Illinois-affinage,4,False,20260510_204344
349,610.8391629377394,1000.0,RS-detection + Illinois-affinage,4,False,20260510_204344
350,611.7742096208873,1000.0,RS-detection + Illinois-affinage,4,False,20260510_204344
351,613.5997786756373,1000.0,RS-detection + Illinois-affinage,4,False,20260510_204344
352,614.6462378722326,1000.0,RS-detection + Illinois-affinage,4,False,20260510_204344
353,615.538563369407,1000.0,RS-detection + Illinois-affinage,4,False,20260510_204344
354,618.1128313664424,1000.0,RS-detection + Illinois-affinage,4,False,20260510_204344
355,619.1844825979537,1000.0,RS-detection + Illinois-affinage,4,False,20260510_204344
356,620.2728936722275,1000.0,RS-detection + Illinois-affinage,4,False,20260510_204344
357,621.7092945279486,1000.0,RS-detection + Illinois-affinage,4,False,20260510_204344
358,622.375002739779,1000.0,RS-detection + Illinois-affinage,4,False,20260510_204344
359,624.2699000181779,1000.0,RS-detection + Illinois-affinage,4,False,20260510_204344
360,626.0192834276544,1000.0,RS-detection + Illinois-affinage,4,False,20260510_204344
361,627.268396850783,1000.0,RS-detection + Illinois-affinage,4,False,20260510_204344
362,628.3258623594604,1000.0,RS-detection + Illinois-affinage,4,False,20260510_204344
363,630.473887438292,1000.0,RS-detection + Illinois-affinage,4,False,20260510_204344
364,630.8057809271976,1000.0,RS-detection + Illinois-affinage,4,False,20260510_204344
365,632.2251411671159,1000.0,RS-detection + Illinois-affinage,4,False,20260510_204344
366,633.5468582522518,1000.0,RS-detection + Illinois-affinage,4,False,20260510_204344
367,635.5238003106055,1000.0,RS-detection + Illinois-affinage,4,False,20260510_204344
368,637.3971931598373,1000.0,RS-detection + Illinois-affinage,4,False,20260510_204344
369,637.9255139808225,1000.0,RS-detection + Illinois-affinage,4,False,20260510_204344
370,638.9279382668568,1000.0,RS-detection + Illinois-affinage,4,False,20260510_204344
371,640.6947946688257,1000.0,RS-detection + Illinois-affinage,4,False,20260510_204344
372,641.9454996657054,1000.0,RS-detection + Illinois-affinage,4,False,20260510_204344
373,643.2788837813979,1000.0,RS-detection + Illinois-affinage,4,False,20260510_204344
374,644.9905782297479,1000.0,RS-detection + Illinois-affinage,4,False,20260510_204344
375,646.3481915955016,1000.0,RS-detection + Illinois-affinage,4,False,20260510_204344
376,647.761753004289,1000.0,RS-detection + Illinois-affinage,4,False,20260510_204344
377,648.7864008887824,1000.0,RS-detection + Illinois-affinage,4,False,20260510_204344
378,650.1975193452564,1000.0,RS-detection + Illinois-affinage,4,False,20260510_204344
379,650.668683891396,1000.0,RS-detection + Illinois-affinage,4,False,20260510_204344
380,653.6495716053947,1000.0,RS-detection + Illinois-affinage,4,False,20260510_204344
381,654.3019205863193,1000.0,RS-detection + Illinois-affinage,4,False,20260510_204344
382,655.7094630223556,1000.0,RS-detection + Illinois-affinage,4,False,20260510_204344
383,656.9640845994605,1000.0,RS-detection + Illinois-affinage,4,False,20260510_204344
384,658.1756144186054,1000.0,RS-detection + Illinois-affinage,4,False,20260510_204344
385,659.663845972964,1000.0,RS-detection + Illinois-affinage,4,False,20260510_204344
386,660.7167325952793,1000.0,RS-detection + Illinois-affinage,4,False,20260510_204344
387,662.2965864311004,1000.0,RS-detection + Illinois-affinage,4,False,20260510_204344
388,664.244604652273,1000.0,RS-detection + Illinois-affinage,4,False,20260510_204344
389,665.342763095599,1000.0,RS-detection + Illinois-affinage,4,False,20260510_204344
390,666.5151477041729,1000.0,RS-detection + Illinois-affinage,4,False,20260510_204344
391,667.1484948945555,1000.0,RS-detection + Illinois-affinage,4,False,20260510_204344
392,668.9758488202351,1000.0,RS-detection + Illinois-affinage,4,False,20260510_204344
393,670.3235852058626,1000.0,RS-detection + Illinois-affinage,4,False,20260510_204344
394,672.4581835841698,1000.0,RS-detection + Illinois-affinage,4,False,20260510_204344
395,673.0435782861476,1000.0,RS-detection + Illinois-affinage,4,False,20260510_204344
396,674.355897810123,1000.0,RS-detection + Illinois-affinage,4,False,20260510_204344
397,676.1396743636268,1000.0,RS-detection + Illinois-affinage,4,False,20260510_204344
398,677.230180668764,1000.0,RS-detection + Illinois-affinage,4,False,20260510_204344
399,677.800444746221,1000.0,RS-detection + Illinois-affinage,4,False,20260510_204344
400,679.7421978825282,1000.0,RS-detection + Illinois-affinage,4,False,20260510_204344
401,681.8949915331518,1000.0,RS-detection + Illinois-affinage,4,False,20260510_204344
402,682.6027350197505,1000.0,RS-detection + Illinois-affinage,4,False,20260510_204344
403,684.0135498138695,1000.0,RS-detection + Illinois-affinage,4,False,20260510_204344
404,684.9726298620984,1000.0,RS-detection + Illinois-affinage,4,False,20260510_204344
405,686.1632235877279,1000.0,RS-detection + Illinois-affinage,4,False,20260510_204344
406,687.9615431847036,1000.0,RS-detection + Illinois-affinage,4,False,20260510_204344
407,689.3689413622724,1000.0,RS-detection + Illinois-affinage,4,False,20260510_204344
408,690.4747350323504,1000.0,RS-detection + Illinois-affinage,4,False,20260510_204344
409,692.4516844155208,1000.0,RS-detection + Illinois-affinage,4,False,20260510_204344
410,693.1769700606019,1000.0,RS-detection + Illinois-affinage,4,False,20260510_204344
411,694.5339086998731,1000.0,RS-detection + Illinois-affinage,4,False,20260510_204344
412,695.7263359209268,1000.0,RS-detection + Illinois-affinage,4,False,20260510_204344
413,696.6260699003456,1000.0,RS-detection + Illinois-affinage,4,False,20260510_204344
414,699.1320954760135,1000.0,RS-detection + Illinois-affinage,4,False,20260510_204344
415,700.2967391321436,1000.0,RS-detection + Illinois-affinage,4,False,20260510_204344
416,701.3017429546461,1000.0,RS-detection + Illinois-affinage,4,False,20260510_204344
417,702.2273431457605,1000.0,RS-detection + Illinois-affinage,4,False,20260510_204344
418,704.0338392955254,1000.0,RS-detection + Illinois-affinage,4,False,20260510_204344
419,705.1258139546193,1000.0,RS-detection + Illinois-affinage,4,False,20260510_204344
420,706.184654799518,1000.0,RS-detection + Illinois-affinage,4,False,20260510_204344
421,708.26907088511,1000.0,RS-detection + Illinois-affinage,4,False,20260510_204344
422,709.2295885702842,1000.0,RS-detection + Illinois-affinage,4,False,20260510_204344
423,711.1302741796854,1000.0,RS-detection + Illinois-affinage,4,False,20260510_204344
424,711.9002899143753,1000.0,RS-detection + Illinois-affinage,4,False,20260510_204344
425,712.7493834701013,1000.0,RS-detection + Illinois-affinage,4,False,20260510_204344
426,714.0827718206694,1000.0,RS-detection + Illinois-affinage,4,False,20260510_204344
427,716.1123964540521,1000.0,RS-detection + Illinois-affinage,4,False,20260510_204344
428,717.4825697031002,1000.0,RS-detection + Illinois-affinage,4,False,20260510_204344
429,718.7427865454858,1000.0,RS-detection + Illinois-affinage,4,False,20260510_204344
430,719.6971009883656,1000.0,RS-detection + Illinois-affinage,4,False,20260510_204344
431,721.3511622185365,1000.0,RS-detection + Illinois-affinage,4,False,20260510_204344
432,722.2775049756742,1000.0,RS-detection + Illinois-affinage,4,False,20260510_204344
433,723.8458210451284,1000.0,RS-detection + Illinois-affinage,4,False,20260510_204344
434,724.5626138903791,1000.0,RS-detection + Illinois-affinage,4,False,20260510_204344
435,727.0564032300493,1000.0,RS-detection + Illinois-affinage,4,False,20260510_204344
436,728.4054815889341,1000.0,RS-detection + Illinois-affinage,4,False,20260510_204344
437,728.758749795614,1000.0,RS-detection + Illinois-affinage,4,False,20260510_204344
438,730.4164821227564,1000.0,RS-detection + Illinois-affinage,4,False,20260510_204344
439,731.4173549185986,1000.0,RS-detection + Illinois-affinage,4,False,20260510_204344
440,732.8180527144998,1000.0,RS-detection + Illinois-affinage,4,False,20260510_204344
441,734.7896432523779,1000.0,RS-detection + Illinois-affinage,4,False,20260510_204344
442,735.7654592085784,1000.0,RS-detection + Illinois-affinage,4,False,20260510_204344
443,737.0529289122652,1000.0,RS-detection + Illinois-affinage,4,False,20260510_204344
444,738.5804211713738,1000.0,RS-detection + Illinois-affinage,4,False,20260510_204344
445,739.9095236740419,1000.0,RS-detection + Illinois-affinage,4,False,20260510_204344
446,740.573807447295,1000.0,RS-detection + Illinois-affinage,4,False,20260510_204344
447,741.7573355729417,1000.0,RS-detection + Illinois-affinage,4,False,20260510_204344
448,743.8950131424737,1000.0,RS-detection + Illinois-affinage,4,False,20260510_204344
449,745.3449895506119,1000.0,RS-detection + Illinois-affinage,4,False,20260510_204344
450,746.4993058994323,1000.0,RS-detection + Illinois-affinage,4,False,20260510_204344
451,747.6745636242695,1000.0,RS-detection + Illinois-affinage,4,False,20260510_204344
452,748.2427544650845,1000.0,RS-detection + Illinois-affinage,4,False,20260510_204344
453,750.6559503621245,1000.0,RS-detection + Illinois-affinage,4,False,20260510_204344
454,750.9663810666508,1000.0,RS-detection + Illinois-affinage,4,False,20260510_204344
455,752.8876215672024,1000.0,RS-detection + Illinois-affinage,4,False,20260510_204344
456,754.3223704717127,1000.0,RS-detection + Illinois-affinage,4,False,20260510_204344
457,755.8393089760378,1000.0,RS-detection + Illinois-affinage,4,False,20260510_204344
458,756.7682484399509,1000.0,RS-detection + Illinois-affinage,4,False,20260510_204344
459,758.1017292464126,1000.0,RS-detection + Illinois-affinage,4,False,20260510_204344
460,758.9002382248924,1000.0,RS-detection + Illinois-affinage,4,False,20260510_204344
461,760.2823669835121,1000.0,RS-detection + Illinois-affinage,4,False,20260510_204344
462,762.700033249691,1000.0,RS-detection + Illinois-affinage,4,False,20260510_204344
463,763.5930661728372,1000.0,RS-detection + Illinois-affinage,4,False,20260510_204344
464,764.3075227241802,1000.0,RS-detection + Illinois-affinage,4,False,20260510_204344
465,766.0875400998362,1000.0,RS-detection + Illinois-affinage,4,False,20260510_204344
466,767.2184721555395,1000.0,RS-detection + Illinois-affinage,4,False,20260510_204344
467,768.2814618065092,1000.0,RS-detection + Illinois-affinage,4,False,20260510_204344
468,769.6934072526243,1000.0,RS-detection + Illinois-affinage,4,False,20260510_204344
469,771.0708393136782,1000.0,RS-detection + Illinois-affinage,4,False,20260510_204344
470,772.961617565757,1000.0,RS-detection + Illinois-affinage,4,False,20260510_204344
471,774.1177446279405,1000.0,RS-detection + Illinois-affinage,4,False,20260510_204344
472,775.0478470965804,1000.0,RS-detection + Illinois-affinage,4,False,20260510_204344
473,775.9997119631714,1000.0,RS-detection + Illinois-affinage,4,False,20260510_204344
474,777.2997485295925,1000.0,RS-detection + Illinois-affinage,4,False,20260510_204344
475,779.157076949189,1000.0,RS-detection + Illinois-affinage,4,False,20260510_204344
476,780.3489250041815,1000.0,RS-detection + Illinois-affinage,4,False,20260510_204344
477,782.1376643908122,1000.0,RS-detection + Illinois-affinage,4,False,20260510_204344
478,782.5979439460735,1000.0,RS-detection + Illinois-affinage,4,False,20260510_204344
479,784.2888226124655,1000.0,RS-detection + Illinois-affinage,4,False,20260510_204344
480,785.739089700715,1000.0,RS-detection + Illinois-affinage,4,False,20260510_204344
481,786.4611474505062,1000.0,RS-detection + Illinois-affinage,4,False,20260510_204344
482,787.46846381591,1000.0,RS-detection + Illinois-affinage,4,False,20260510_204344
483,790.0590923641196,1000.0,RS-detection + Illinois-affinage,4,False,20260510_204344
484,790.831620467921,1000.0,RS-detection + Illinois-affinage,4,False,20260510_204344
485,792.4277076086046,1000.0,RS-detection + Illinois-affinage,4,False,20260510_204344
486,792.8886525626224,1000.0,RS-detection + Illinois-affinage,4,False,20260510_204344
487,794.4837918698931,1000.0,RS-detection + Illinois-affinage,4,False,20260510_204344
488,795.6065961561624,1000.0,RS-detection + Illinois-affinage,4,False,20260510_204344
489,797.2634700380356,1000.0,RS-detection + Illinois-affinage,4,False,20260510_204344
490,798.7075701662963,1000.0,RS-detection + Illinois-affinage,4,False,20260510_204344
491,799.6543362108977,1000.0,RS-detection + Illinois-affinage,4,False,20260510_204344
492,801.604246462982,1000.0,RS-detection + Illinois-affinage,4,False,20260510_204344
493,802.5419848784181,1000.0,RS-detection + Illinois-affinage,4,False,20260510_204344
494,803.2430962042702,1000.0,RS-detection + Illinois-affinage,4,False,20260510_204344
495,804.7622391126619,1000.0,RS-detection + Illinois-affinage,4,False,20260510_204344
496,805.8616356670948,1000.0,RS-detection + Illinois-affinage,4,False,20260510_204344
497,808.1518149359938,1000.0,RS-detection + Illinois-affinage,4,False,20260510_204344
498,809.1977833633007,1000.0,RS-detection + Illinois-affinage,4,False,20260510_204344
499,810.0818048864071,1000.0,RS-detection + Illinois-affinage,4,False,20260510_204344
500,811.1843588465063,1000.0,RS-detection + Illinois-affinage,4,False,20260510_204344
501,812.7711083891094,1000.0,RS-detection + Illinois-affinage,4,False,20260510_204344
502,814.045913607511,1000.0,RS-detection + Illinois-affinage,4,False,20260510_204344
503,814.8705396258725,1000.0,RS-detection + Illinois-affinage,4,False,20260510_204344
504,816.7277377143947,1000.0,RS-detection + Illinois-affinage,4,False,20260510_204344
505,818.3806688663617,1000.0,RS-detection + Illinois-affinage,4,False,20260510_204344
506,819.2046421708238,1000.0,RS-detection + Illinois-affinage,4,False,20260510_204344
507,820.7218984438692,1000.0,RS-detection + Illinois-affinage,4,False,20260510_204344
508,821.7134541333794,1000.0,RS-detection + Illinois-affinage,4,False,20260510_204344
509,822.1977574934041,1000.0,RS-detection + Illinois-affinage,4,False,20260510_204344
510,824.5262938716297,1000.0,RS-detection + Illinois-affinage,4,False,20260510_204344
511,826.0392873765745,1000.0,RS-detection + Illinois-affinage,4,False,20260510_204344
512,826.9058109540807,1000.0,RS-detection + Illinois-affinage,4,False,20260510_204344
513,828.3401743004899,1000.0,RS-detection + Illinois-affinage,4,False,20260510_204344
514,829.4370109683093,1000.0,RS-detection + Illinois-affinage,4,False,20260510_204344
515,830.8958840533174,1000.0,RS-detection + Illinois-affinage,4,False,20260510_204344
516,831.7997776590706,1000.0,RS-detection + Illinois-affinage,4,False,20260510_204344
517,833.0036409091542,1000.0,RS-detection + Illinois-affinage,4,False,20260510_204344
518,834.6519151478257,1000.0,RS-detection + Illinois-affinage,4,False,20260510_204344
519,836.6935761875919,1000.0,RS-detection + Illinois-affinage,4,False,20260510_204344
520,837.3473350595315,1000.0,RS-detection + Illinois-affinage,4,False,20260510_204344
521,838.2490219927322,1000.0,RS-detection + Illinois-affinage,4,False,20260510_204344
522,839.4653948102824,1000.0,RS-detection + Illinois-affinage,4,False,20260510_204344
523,841.0363898290134,1000.0,RS-detection + Illinois-affinage,4,False,20260510_204344
524,842.0413542065264,1000.0,RS-detection + Illinois-affinage,4,False,20260510_204344
525,844.1661966073508,1000.0,RS-detection + Illinois-affinage,4,False,20260510_204344
526,844.8059939757637,1000.0,RS-detection + Illinois-affinage,4,False,20260510_204344
527,846.194769927694,1000.0,RS-detection + Illinois-affinage,4,False,20260510_204344
528,847.9717176395122,1000.0,RS-detection + Illinois-affinage,4,False,20260510_204344
529,848.4892811809435,1000.0,RS-detection + Illinois-affinage,4,False,20260510_204344
530,849.8622743486978,1000.0,RS-detection + Illinois-affinage,4,False,20260510_204344
531,850.645448466004,1000.0,RS-detection + Illinois-affinage,4,False,20260510_204344
532,853.1631125833892,1000.0,RS-detection + Illinois-affinage,4,False,20260510_204344
533,854.095511719869,1000.0,RS-detection + Illinois-affinage,4,False,20260510_204344
534,855.286710244405,1000.0,RS-detection + Illinois-affinage,4,False,20260510_204344
535,856.4841174907917,1000.0,RS-detection + Illinois-affinage,4,False,20260510_204344
536,857.3107406026038,1000.0,RS-detection + Illinois-affinage,4,False,20260510_204344
537,858.9040264664757,1000.0,RS-detection + Illinois-affinage,4,False,20260510_204344
538,860.4106708960147,1000.0,RS-detection + Illinois-affinage,4,False,20260510_204344
539,861.1710982127153,1000.0,RS-detection + Illinois-affinage,4,False,20260510_204344
540,863.189719771909,1000.0,RS-detection + Illinois-affinage,4,False,20260510_204344
541,864.3408239300695,1000.0,RS-detection + Illinois-affinage,4,False,20260510_204344
542,865.5946643265161,1000.0,RS-detection + Illinois-affinage,4,False,20260510_204344
543,866.4237399040426,1000.0,RS-detection + Illinois-affinage,4,False,20260510_204344
544,867.693122611785,1000.0,RS-detection + Illinois-affinage,4,False,20260510_204344
545,868.6704942291316,1000.0,RS-detection + Illinois-affinage,4,False,20260510_204344
546,870.8469023257541,1000.0,RS-detection + Illinois-affinage,4,False,20260510_204344
547,872.1887508216132,1000.0,RS-detection + Illinois-affinage,4,False,20260510_204344
548,873.098978971282,1000.0,RS-detection + Illinois-affinage,4,False,20260510_204344
549,873.9083892353375,1000.0,RS-detection + Illinois-affinage,4,False,20260510_204344
550,875.9852851087803,1000.0,RS-detection + Illinois-affinage,4,False,20260510_204344
551,876.6008258330274,1000.0,RS-detection + Illinois-affinage,4,False,20260510_204344
552,877.6546983410335,1000.0,RS-detection + Illinois-affinage,4,False,20260510_204344
553,879.380951969791,1000.0,RS-detection + Illinois-affinage,4,False,20260510_204344
554,880.8346488479393,1000.0,RS-detection + Illinois-affinage,4,False,20260510_204344
555,882.3866966271964,1000.0,RS-detection + Illinois-affinage,4,False,20260510_204344
556,883.4303318387016,1000.0,RS-detection + Illinois-affinage,4,False,20260510_204344
557,884.1987431145948,1000.0,RS-detection + Illinois-affinage,4,False,20260510_204344
558,885.2723044796171,1000.0,RS-detection + Illinois-affinage,4,False,20260510_204344
559,886.8528019629164,1000.0,RS-detection + Illinois-affinage,4,False,20260510_204344
560,888.4755666738172,1000.0,RS-detection + Illinois-affinage,4,False,20260510_204344
561,889.7352942940907,1000.0,RS-detection + Illinois-affinage,4,False,20260510_204344
562,890.8131321125279,1000.0,RS-detection + Illinois-affinage,4,False,20260510_204344
563,892.3864332601559,1000.0,RS-detection + Illinois-affinage,4,False,20260510_204344
564,893.1191175672942,1000.0,RS-detection + Illinois-affinage,4,False,20260510_204344
565,894.8862923208688,1000.0,RS-detection + Illinois-affinage,4,False,20260510_204344
566,895.3979196747829,1000.0,RS-detection + Illinois-affinage,4,False,20260510_204344
567,896.6322515562027,1000.0,RS-detection + Illinois-affinage,4,False,20260510_204344
568,899.2215226683835,1000.0,RS-detection + Illinois-affinage,4,False,20260510_204344
569,899.8588846079374,1000.0,RS-detection + Illinois-affinage,4,False,20260510_204344
570,900.8497398605211,1000.0,RS-detection + Illinois-affinage,4,False,20260510_204344
571,902.2432075867523,1000.0,RS-detection + Illinois-affinage,4,False,20260510_204344
572,903.0996744426304,1000.0,RS-detection + Illinois-affinage,4,False,20260510_204344
573,904.7029027222814,1000.0,RS-detection + Illinois-affinage,4,False,20260510_204344
574,905.8299407582222,1000.0,RS-detection + Illinois-affinage,4,False,20260510_204344
575,907.6567294689677,1000.0,RS-detection + Illinois-affinage,4,False,20260510_204344
576,908.333543645061,1000.0,RS-detection + Illinois-affinage,4,False,20260510_204344
577,910.1863340571799,1000.0,RS-detection + Illinois-affinage,4,False,20260510_204344
578,911.2349514859555,1000.0,RS-detection + Illinois-affinage,4,False,20260510_204344
579,912.3310456000355,1000.0,RS-detection + Illinois-affinage,4,False,20260510_204344
580,912.8239992467434,1000.0,RS-detection + Illinois-affinage,4,False,20260510_204344
581,914.7300969583756,1000.0,RS-detection + Illinois-affinage,4,False,20260510_204344
582,916.3550008086428,1000.0,RS-detection + Illinois-affinage,4,False,20260510_204344
583,917.8253775704269,1000.0,RS-detection + Illinois-affinage,4,False,20260510_204344
584,918.8365352435294,1000.0,RS-detection + Illinois-affinage,4,False,20260510_204344
585,919.4483444396824,1000.0,RS-detection + Illinois-affinage,4,False,20260510_204344
586,921.1563955071548,1000.0,RS-detection + Illinois-affinage,4,False,20260510_204344
587,922.5006293066367,1000.0,RS-detection + Illinois-affinage,4,False,20260510_204344
588,923.2857198024222,1000.0,RS-detection + Illinois-affinage,4,False,20260510_204344
589,924.7734839334767,1000.0,RS-detection + Illinois-affinage,4,False,20260510_204344
590,926.551552784603,1000.0,RS-detection + Illinois-affinage,4,False,20260510_204344
591,927.8508589857536,1000.0,RS-detection + Illinois-affinage,4,False,20260510_204344
592,928.6636593289346,1000.0,RS-detection + Illinois-affinage,4,False,20260510_204344
593,929.8740928506478,1000.0,RS-detection + Illinois-affinage,4,False,20260510_204344
594,931.0092113366281,1000.0,RS-detection + Illinois-affinage,4,False,20260510_204344
595,931.8527407455201,1000.0,RS-detection + Illinois-affinage,4,False,20260510_204344
596,934.3853068372584,1000.0,RS-detection + Illinois-affinage,4,False,20260510_204344
597,934.9954248638466,1000.0,RS-detection + Illinois-affinage,4,False,20260510_204344
598,936.2286493792828,1000.0,RS-detection + Illinois-affinage,4,False,20260510_204344
599,937.5329257119704,1000.0,RS-detection + Illinois-affinage,4,False,20260510_204344
600,939.0243008992184,1000.0,RS-detection + Illinois-affinage,4,False,20260510_204344
601,939.6609406145282,1000.0,RS-detection + Illinois-affinage,4,False,20260510_204344
602,941.1569996420424,1000.0,RS-detection + Illinois-affinage,4,False,20260510_204344
603,942.0523416433755,1000.0,RS-detection + Illinois-affinage,4,False,20260510_204344
604,944.1880358095727,1000.0,RS-detection + Illinois-affinage,4,False,20260510_204344
605,945.333562503046,1000.0,RS-detection + Illinois-affinage,4,False,20260510_204344
606,946.7658422047282,1000.0,RS-detection + Illinois-affinage,4,False,20260510_204344
607,947.0791830962548,1000.0,RS-detection + Illinois-affinage,4,False,20260510_204344
608,948.346646255045,1000.0,RS-detection + Illinois-affinage,4,False,20260510_204344
609,950.1516126846439,1000.0,RS-detection + Illinois-affinage,4,False,20260510_204344
610,951.0332487338235,1000.0,RS-detection + Illinois-affinage,4,False,20260510_204344
611,952.7279886198506,1000.0,RS-detection + Illinois-affinage,4,False,20260510_204344
612,954.1297192695515,1000.0,RS-detection + Illinois-affinage,4,False,20260510_204344
613,954.8293089382166,1000.0,RS-detection + Illinois-affinage,4,False,20260510_204344
614,956.6754793432898,1000.0,RS-detection + Illinois-affinage,4,False,20260510_204344
615,957.5100525964237,1000.0,RS-detection + Illinois-affinage,4,False,20260510_204344
616,958.4145933901361,1000.0,RS-detection + Illinois-affinage,4,False,20260510_204344
617,959.4591688070681,1000.0,RS-detection + Illinois-affinage,4,False,20260510_204344
618,961.6695724741928,1000.0,RS-detection + Illinois-affinage,4,False,20260510_204344
619,963.1820866713115,1000.0,RS-detection + Illinois-affinage,4,False,20260510_204344
620,963.5670401916123,1000.0,RS-detection + Illinois-affinage,4,False,20260510_204344
621,965.0555796237511,1000.0,RS-detection + Illinois-affinage,4,False,20260510_204344
622,966.1107548184102,1000.0,RS-detection + Illinois-affinage,4,False,20260510_204344
623,967.3711537662629,1000.0,RS-detection + Illinois-affinage,4,False,20260510_204344
624,968.6363019060873,1000.0,RS-detection + Illinois-affinage,4,False,20260510_204344
625,970.1256105569412,1000.0,RS-detection + Illinois-affinage,4,False,20260510_204344
626,971.0714914863858,1000.0,RS-detection + Illinois-affinage,4,False,20260510_204344
627,973.1853612943012,1000.0,RS-detection + Illinois-affinage,4,False,20260510_204344
628,973.8730789926536,1000.0,RS-detection + Illinois-affinage,4,False,20260510_204344
629,974.7746350658374,1000.0,RS-detection + Illinois-affinage,4,False,20260510_204344
630,976.1785024205897,1000.0,RS-detection + Illinois-affinage,4,False,20260510_204344
631,976.9172021170507,1000.0,RS-detection + Illinois-affinage,4,False,20260510_204344
632,978.766671535113,1000.0,RS-detection + Illinois-affinage,4,False,20260510_204344
633,980.5780006397745,1000.0,RS-detection + Illinois-affinage,4,False,20260510_204344
634,981.2886153017589,1000.0,RS-detection + Illinois-affinage,4,False,20260510_204344
635,982.3964851687789,1000.0,RS-detection + Illinois-affinage,4,False,20260510_204344
636,983.5750760064313,1000.0,RS-detection + Illinois-affinage,4,False,20260510_204344
637,985.1869286557734,1000.0,RS-detection + Illinois-affinage,4,False,20260510_204344
638,986.1305151101845,1000.0,RS-detection + Illinois-affinage,4,False,20260510_204344
639,986.7560084076559,1000.0,RS-detection + Illinois-affinage,4,False,20260510_204344
640,988.9926223706574,1000.0,RS-detection + Illinois-affinage,4,False,20260510_204344
641,990.223917804028,1000.0,RS-detection + Illinois-affinage,4,False,20260510_204344
642,991.3742941477616,1000.0,RS-detection + Illinois-affinage,4,False,20260510_204344
643,992.7286963367327,1000.0,RS-detection + Illinois-affinage,4,False,20260510_204344
644,993.214580957443,1000.0,RS-detection + Illinois-affinage,4,False,20260510_204344
645,994.4045905710946,1000.0,RS-detection + Illinois-affinage,4,False,20260510_204344
646,996.2053361642983,1000.0,RS-detection + Illinois-affinage,4,False,20260510_204344
647,997.5119347519393,1000.0,RS-detection + Illinois-affinage,4,False,20260510_204344
648,998.8275471369296,1000.0,RS-detection + Illinois-affinage,4,False,20260510_204344
649,999.7915715574129,1000.0,RS-detection + Illinois-affinage,4,False,20260510_204344
