n,partie_imaginaire,mode
1,21.022039638771552,batch_cpu
2,25.010857580145686,batch_cpu
3,25.010857580145668,batch_cpu
4,25.01085758014569,batch_cpu
5,30.424876125859512,batch_cpu
6,32.93506158773919,batch_cpu
7,37.586178158825675,batch_cpu
8,40.9187190121475,batch_cpu
9,43.327073280914995,batch_cpu
10,48.00515088116716,batch_cpu
11,49.773832477672286,batch_cpu
12,52.97032147771442,batch_cpu
13,56.446247697063434,batch_cpu
14,59.347044002602395,batch_cpu
15,60.8317785246098,batch_cpu
16,65.1125440480816,batch_cpu
17,67.07981052949415,batch_cpu
18,69.54640171117398,batch_cpu
19,72.0671576744819,batch_cpu
20,77.1448400688748,batch_cpu
21,77.14484006887481,batch_cpu
22,79.33737502024937,batch_cpu
23,75.70469069908394,batch_cpu
24,84.73549298051705,batch_cpu
25,92.49189927055849,batch_cpu
26,98.8311942181937,batch_cpu
27,101.31785100573138,batch_cpu
28,107.16861118427641,batch_cpu
29,114.32022091545272,batch_cpu
30,116.22668032085755,batch_cpu
31,118.79078286597623,batch_cpu
32,121.37012500242065,batch_cpu
33,127.51668387959664,batch_cpu
34,129.57870419995618,batch_cpu
35,131.08768853093267,batch_cpu
36,138.11604205453344,batch_cpu
37,139.7362089521214,batch_cpu
38,141.1237074040211,batch_cpu
39,143.11184580762063,batch_cpu
40,153.02469381119892,batch_cpu
41,156.11290929423785,batch_cpu
42,157.59759181759406,batch_cpu
43,158.8499881714205,batch_cpu
44,161.18896413759603,batch_cpu
45,163.0307096871819,batch_cpu
46,165.53706918790064,batch_cpu
47,167.1844399781745,batch_cpu
48,176.44143429771043,batch_cpu
49,178.37740777609997,batch_cpu
50,179.9164840202568,batch_cpu
51,182.20707848436646,batch_cpu
52,184.87446784838752,batch_cpu
53,185.59878367770747,batch_cpu
54,187.22892258350186,batch_cpu
55,189.41615865601693,batch_cpu
56,195.26539667952923,batch_cpu
57,207.90625888780627,batch_cpu
58,209.57650971685626,batch_cpu
59,211.6908625953653,batch_cpu
60,213.34791935971268,batch_cpu
61,214.54704478349143,batch_cpu
62,216.1695385082637,batch_cpu
63,219.0675963490214,batch_cpu
64,220.7149188393142,batch_cpu
65,221.43070555469336,batch_cpu
66,227.4214442796793,batch_cpu
67,229.3374133055254,batch_cpu
68,231.25018870049917,batch_cpu
69,231.98723525318024,batch_cpu
70,233.6934041789083,batch_cpu
71,236.5242296658162,batch_cpu
72,237.7698204809252,batch_cpu
73,239.55547757332764,batch_cpu
74,241.0491577962166,batch_cpu
75,242.82327193422262,batch_cpu
76,244.07089849707816,batch_cpu
77,249.5736896447072,batch_cpu
78,251.01494779501598,batch_cpu
79,253.06998674799948,batch_cpu
80,258.6104394915314,batch_cpu
81,259.87440698967845,batch_cpu
82,260.8050845045967,batch_cpu
83,263.57389390487015,batch_cpu
84,265.55785183887633,batch_cpu
85,266.6149737815011,batch_cpu
86,267.92191508282406,batch_cpu
87,269.9704490239976,batch_cpu
88,271.494055641645,batch_cpu
89,273.4596091884033,batch_cpu
90,284.8359639809047,batch_cpu
91,286.66744536300286,batch_cpu
92,287.9119205014222,batch_cpu
93,289.5798549292188,batch_cpu
94,291.8462913290674,batch_cpu
95,293.5584341393563,batch_cpu
96,297.97927706194344,batch_cpu
97,299.84032605372136,batch_cpu
98,301.64932546219416,batch_cpu
99,302.6967495896069,batch_cpu
100,304.8643713408573,batch_cpu
101,305.72891260203676,batch_cpu
102,307.21949612817,batch_cpu
103,312.42780118060085,batch_cpu
104,313.98528573115885,batch_cpu
105,315.4756160894757,batch_cpu
106,317.7348059423702,batch_cpu
107,318.8531042563166,batch_cpu
108,323.4669695575121,batch_cpu
109,324.8628660517396,batch_cpu
110,327.44390126190547,batch_cpu
111,329.03307168048093,batch_cpu
112,329.9532397282339,batch_cpu
113,331.47446758266346,batch_cpu
114,336.84185042839067,batch_cpu
115,338.3399928508066,batch_cpu
116,339.85821672536395,batch_cpu
117,341.04226111104657,batch_cpu
118,342.05487751036355,batch_cpu
119,344.6617029402523,batch_cpu
120,346.34787056600993,batch_cpu
121,347.2726775844203,batch_cpu
122,349.3162608706962,batch_cpu
123,350.4084193491921,batch_cpu
124,351.87864902535927,batch_cpu
125,353.4889004887188,batch_cpu
126,357.95268510163226,batch_cpu
127,359.74375495311443,batch_cpu
128,361.28936169580464,batch_cpu
129,363.33133057897385,batch_cpu
130,364.736024114089,batch_cpu
131,366.2127102883313,batch_cpu
132,367.9935754817403,batch_cpu
133,378.4366802499655,batch_cpu
134,379.87297534653237,batch_cpu
135,381.4844686171865,batch_cpu
136,383.4435294495365,batch_cpu
137,387.222890222388,batch_cpu
138,388.84612835423223,batch_cpu
139,393.42774384443373,batch_cpu
140,395.5828700109941,batch_cpu
141,396.38185422259215,batch_cpu
142,397.9187362096142,batch_cpu
143,399.9851198761949,batch_cpu
144,401.8392286005332,batch_cpu
145,401.83922860053326,batch_cpu
146,407.5814603868962,batch_cpu
147,408.9472455023512,batch_cpu
148,410.51386919336665,batch_cpu
149,411.9722678042788,batch_cpu
150,413.26273607018504,batch_cpu
151,418.3877057895348,batch_cpu
152,419.86136481815254,batch_cpu
153,422.07671005882673,batch_cpu
154,432.13864173458853,batch_cpu
155,423.71657962748185,batch_cpu
156,425.06988249446135,batch_cpu
157,427.2088250840746,batch_cpu
158,428.1279140766166,batch_cpu
159,430.3287454309386,batch_cpu
160,431.3013069307036,batch_cpu
161,432.1386417345886,batch_cpu
162,433.88921848092724,batch_cpu
163,436.161006432647,batch_cpu
164,437.5816981676686,batch_cpu
165,438.6217386562722,batch_cpu
166,439.91844221437066,batch_cpu
167,441.68319920118904,batch_cpu
168,442.90454630260945,batch_cpu
169,444.31933627755916,batch_cpu
170,446.8606226964295,batch_cpu
171,447.4417041944933,batch_cpu
172,449.1485456850233,batch_cpu
173,450.1269457803135,batch_cpu
174,451.4033084453888,batch_cpu
175,453.9867378066781,batch_cpu
176,454.9746837686168,batch_cpu
177,456.32842668924604,batch_cpu
178,457.90389306410293,batch_cpu
179,459.513415281106,batch_cpu
180,460.0879444221756,batch_cpu
181,462.06536727488253,batch_cpu
182,464.0572869105484,batch_cpu
183,465.6715392113712,batch_cpu
184,469.53600455911203,batch_cpu
185,470.7736554781016,batch_cpu
186,472.7991746619088,batch_cpu
187,476.7690152374845,batch_cpu
188,483.8514272124826,batch_cpu
189,485.539148129356,batch_cpu
190,486.52871826165125,batch_cpu
191,488.38056709001745,batch_cpu
192,489.6617615779561,batch_cpu
193,491.398821593663,batch_cpu
194,495.3588288221313,batch_cpu
195,496.4296962157589,batch_cpu
196,498.5807824296865,batch_cpu
197,500.3090849416905,batch_cpu
198,501.6044469651455,batch_cpu
199,502.27627032711825,batch_cpu
200,504.49977331342774,batch_cpu
201,505.41523174224443,batch_cpu
202,506.46415270952355,batch_cpu
203,508.8007003364678,batch_cpu
204,510.26422794367284,batch_cpu
205,511.56228970037466,batch_cpu
206,512.6231445314072,batch_cpu
207,513.6689855554737,batch_cpu
208,515.4350571672993,batch_cpu
209,520.1063104117233,batch_cpu
210,521.525193449492,batch_cpu
211,522.4566961777302,batch_cpu
212,523.9605308920159,batch_cpu
213,525.0773856872796,batch_cpu
214,532.6881830282938,batch_cpu
215,533.7796307537687,batch_cpu
216,535.6643140758732,batch_cpu
217,537.0697590831223,batch_cpu
218,538.4285261762479,batch_cpu
219,540.2131663762282,batch_cpu
220,540.6313902472951,batch_cpu
221,541.8474371212013,batch_cpu
222,544.3238901010052,batch_cpu
223,545.6368332489349,batch_cpu
224,549.4975675626613,batch_cpu
225,550.9700100394841,batch_cpu
226,552.0495722005649,batch_cpu
227,553.7649721191589,batch_cpu
228,555.7920205616825,batch_cpu
229,559.3162370286822,batch_cpu
230,560.2408074972957,batch_cpu
231,562.5592076160458,batch_cpu
232,566.698787682808,batch_cpu
233,575.8072471409288,batch_cpu
234,568.9239551796294,batch_cpu
235,570.0511147824636,batch_cpu
236,572.4199841324528,batch_cpu
237,573.614610526758,batch_cpu
238,575.093886014495,batch_cpu
239,575.8072471409287,batch_cpu
240,577.0390034720982,batch_cpu
241,579.0988346720366,batch_cpu
242,580.1369593623846,batch_cpu
243,581.9465762659017,batch_cpu
244,583.2360882191673,batch_cpu
245,584.5617059034655,batch_cpu
246,585.9845632049884,batch_cpu
247,586.7427718912502,batch_cpu
248,588.1396632662479,batch_cpu
249,593.974714682231,batch_cpu
250,593.974714682231,batch_cpu
251,598.4930773461648,batch_cpu
252,599.5456403643649,batch_cpu
253,601.6021367359326,batch_cpu
254,602.5791678863874,batch_cpu
255,603.625618903579,batch_cpu
256,604.6162184937532,batch_cpu
257,606.3834604221091,batch_cpu
258,608.4132173111874,batch_cpu
259,609.38957515472,batch_cpu
260,610.8391629377395,batch_cpu
261,611.7742096208872,batch_cpu
262,613.5997786756371,batch_cpu
263,614.6462378722326,batch_cpu
264,615.538563369407,batch_cpu
265,618.1128313664424,batch_cpu
266,619.1844825979535,batch_cpu
267,620.2728936722275,batch_cpu
268,621.7092945279486,batch_cpu
269,622.375002739779,batch_cpu
270,624.2699000181779,batch_cpu
271,626.0192834276544,batch_cpu
272,627.268396850783,batch_cpu
273,628.3258623594604,batch_cpu
274,632.2251411671159,batch_cpu
275,633.5468582522518,batch_cpu
276,635.5238003106056,batch_cpu
277,637.3971931598377,batch_cpu
278,640.6947946688257,batch_cpu
279,641.9454996657053,batch_cpu
280,643.2788837813978,batch_cpu
281,644.990578229748,batch_cpu
282,646.3481915955016,batch_cpu
283,655.7094630223556,batch_cpu
284,656.9640845994606,batch_cpu
285,658.1756144186054,batch_cpu
286,659.663845972964,batch_cpu
287,660.7167325952793,batch_cpu
288,662.2965864311004,batch_cpu
289,664.244604652273,batch_cpu
290,665.3427630955991,batch_cpu
291,668.9758488202351,batch_cpu
292,670.3235852058626,batch_cpu
293,672.4581835841697,batch_cpu
294,673.0435782861476,batch_cpu
295,674.355897810123,batch_cpu
296,676.1396743636267,batch_cpu
297,677.230180668764,batch_cpu
298,677.8004447462214,batch_cpu
299,679.7421978825282,batch_cpu
300,681.8949915331519,batch_cpu
301,684.0135498138695,batch_cpu
302,684.0135498138695,batch_cpu
303,684.9726298620985,batch_cpu
304,686.163223587728,batch_cpu
305,687.9615431847037,batch_cpu
306,689.3689413622724,batch_cpu
307,690.4747350323504,batch_cpu
308,692.4516844155208,batch_cpu
309,693.1769700606019,batch_cpu
310,694.5339086998732,batch_cpu
311,695.7263359209268,batch_cpu
312,696.6260699003457,batch_cpu
313,699.1320954760135,batch_cpu
314,700.2967391321436,batch_cpu
315,701.3017429546461,batch_cpu
316,702.2273431457605,batch_cpu
317,704.0338392955254,batch_cpu
318,705.1258139546193,batch_cpu
319,706.1846547995178,batch_cpu
320,708.2690708851098,batch_cpu
321,709.2295885702844,batch_cpu
322,712.7493834701013,batch_cpu
323,714.0827718206694,batch_cpu
324,716.1123964540521,batch_cpu
325,717.4825697031002,batch_cpu
326,727.0564032300495,batch_cpu
327,728.4054815889343,batch_cpu
328,728.7587497956143,batch_cpu
329,730.4164821227565,batch_cpu
330,731.4173549185986,batch_cpu
331,732.8180527144998,batch_cpu
332,734.789643252378,batch_cpu
333,735.7654592085784,batch_cpu
334,737.0529289122653,batch_cpu
335,738.5804211713738,batch_cpu
336,739.909523674042,batch_cpu
337,740.573807447295,batch_cpu
338,741.7573355729417,batch_cpu
339,743.8950131424737,batch_cpu
340,745.3449895506119,batch_cpu
341,746.4993058994323,batch_cpu
342,752.8876215672024,batch_cpu
343,754.3223704717126,batch_cpu
344,755.8393089760378,batch_cpu
345,756.7682484399509,batch_cpu
346,758.1017292464128,batch_cpu
347,758.9002382248922,batch_cpu
348,760.282366983512,batch_cpu
349,762.700033249691,batch_cpu
350,763.5930661728372,batch_cpu
351,764.3075227241802,batch_cpu
352,766.0875400998361,batch_cpu
353,767.2184721555395,batch_cpu
354,768.2814618065092,batch_cpu
355,769.6934072526244,batch_cpu
356,771.0708393136782,batch_cpu
357,772.961617565757,batch_cpu
358,774.1177446279406,batch_cpu
359,775.0478470965805,batch_cpu
360,775.9997119631714,batch_cpu
361,777.2997485295926,batch_cpu
362,779.1570769491891,batch_cpu
363,780.3489250041816,batch_cpu
364,784.2888226124654,batch_cpu
365,785.739089700715,batch_cpu
366,786.4611474505062,batch_cpu
367,787.46846381591,batch_cpu
368,794.4837918698931,batch_cpu
369,795.6065961561624,batch_cpu
370,797.2634700380355,batch_cpu
371,798.7075701662963,batch_cpu
372,799.6543362108977,batch_cpu
373,801.6042464629821,batch_cpu
374,802.5419848784181,batch_cpu
375,803.2430962042702,batch_cpu
376,804.7622391126617,batch_cpu
377,805.8616356670947,batch_cpu
378,808.1518149359937,batch_cpu
379,809.1977833633007,batch_cpu
380,810.0818048864071,batch_cpu
381,811.1843588465061,batch_cpu
382,812.7711083891094,batch_cpu
383,814.045913607511,batch_cpu
384,814.8705396258725,batch_cpu
385,816.7277377143947,batch_cpu
386,818.3806688663617,batch_cpu
387,819.2046421708238,batch_cpu
388,820.7218984438693,batch_cpu
389,821.7134541333794,batch_cpu
390,822.1977574934042,batch_cpu
391,824.5262938716297,batch_cpu
392,826.0392873765744,batch_cpu
393,826.9058109540807,batch_cpu
394,828.3401743004899,batch_cpu
395,829.4370109683093,batch_cpu
396,830.8958840533174,batch_cpu
397,831.7997776590705,batch_cpu
398,833.0036409091541,batch_cpu
399,834.6519151478255,batch_cpu
400,836.6935761875918,batch_cpu
401,837.3473350595315,batch_cpu
402,838.2490219927322,batch_cpu
403,839.4653948102825,batch_cpu
404,841.0363898290134,batch_cpu
405,842.0413542065263,batch_cpu
406,844.1661966073508,batch_cpu
407,844.8059939757637,batch_cpu
408,846.194769927694,batch_cpu
409,849.8622743486978,batch_cpu
410,850.645448466004,batch_cpu
411,853.1631125833892,batch_cpu
412,854.095511719869,batch_cpu
413,855.286710244405,batch_cpu
414,856.4841174907916,batch_cpu
415,857.3107406026038,batch_cpu
416,858.9040264664757,batch_cpu
417,863.1897197719089,batch_cpu
418,864.3408239300696,batch_cpu
419,867.6931226117849,batch_cpu
420,868.6704942291316,batch_cpu
421,870.8469023257541,batch_cpu
422,872.1887508216132,batch_cpu
423,877.6546983410335,batch_cpu
424,879.380951969791,batch_cpu
425,880.8346488479394,batch_cpu
426,882.3866966271964,batch_cpu
427,883.4303318387017,batch_cpu
428,884.1987431145948,batch_cpu
429,885.2723044796171,batch_cpu
430,886.8528019629163,batch_cpu
431,888.4755666738172,batch_cpu
432,889.7352942940907,batch_cpu
433,890.813132112528,batch_cpu
434,892.3864332601559,batch_cpu
435,893.119117567294,batch_cpu
436,894.8862923208687,batch_cpu
437,895.3979196747829,batch_cpu
438,896.6322515562027,batch_cpu
439,899.2215226683834,batch_cpu
440,899.8588846079374,batch_cpu
441,900.8497398605214,batch_cpu
442,902.2432075867523,batch_cpu
443,903.0996744426304,batch_cpu
444,904.7029027222814,batch_cpu
445,905.8299407582222,batch_cpu
446,907.6567294689676,batch_cpu
447,908.333543645061,batch_cpu
448,910.1863340571799,batch_cpu
449,911.2349514859554,batch_cpu
450,912.3310456000356,batch_cpu
451,912.8239992467434,batch_cpu
452,914.7300969583756,batch_cpu
453,916.3550008086428,batch_cpu
454,917.8253775704268,batch_cpu
455,918.8365352435289,batch_cpu
456,919.4483444396823,batch_cpu
457,921.1563955071548,batch_cpu
458,922.5006293066368,batch_cpu
459,923.2857198024222,batch_cpu
460,924.7734839334767,batch_cpu
461,926.551552784603,batch_cpu
462,927.8508589857536,batch_cpu
463,928.6636593289348,batch_cpu
464,929.8740928506478,batch_cpu
465,931.009211336628,batch_cpu
466,931.85274074552,batch_cpu
467,934.3853068372584,batch_cpu
468,934.9954248638464,batch_cpu
469,936.2286493792828,batch_cpu
470,937.5329257119704,batch_cpu
471,941.1569996420424,batch_cpu
472,942.0523416433755,batch_cpu
473,944.1880358095727,batch_cpu
474,945.333562503046,batch_cpu
475,948.3466462550449,batch_cpu
476,950.1516126846439,batch_cpu
477,951.0332487338235,batch_cpu
478,952.7279886198506,batch_cpu
479,954.1297192695514,batch_cpu
480,954.8293089382166,batch_cpu
481,956.6754793432898,batch_cpu
482,957.5100525964237,batch_cpu
483,958.4145933901361,batch_cpu
484,959.4591688070682,batch_cpu
485,961.6695724741927,batch_cpu
486,963.1820866713114,batch_cpu
487,963.5670401916123,batch_cpu
488,965.0555796237511,batch_cpu
489,966.1107548184102,batch_cpu
490,967.3711537662629,batch_cpu
491,968.6363019060873,batch_cpu
492,970.1256105569412,batch_cpu
493,971.0714914863858,batch_cpu
494,973.1853612943012,batch_cpu
495,973.8730789926532,batch_cpu
496,974.7746350658374,batch_cpu
497,976.1785024205896,batch_cpu
498,976.9172021170506,batch_cpu
499,978.766671535113,batch_cpu
500,980.5780006397745,batch_cpu
501,981.2886153017589,batch_cpu
502,982.396485168779,batch_cpu
503,983.5750760064312,batch_cpu
504,985.1869286557735,batch_cpu
505,986.1305151101845,batch_cpu
506,986.756008407656,batch_cpu
507,988.9926223706574,batch_cpu
508,990.223917804028,batch_cpu
509,991.3742941477615,batch_cpu
510,994.4045905710946,batch_cpu
511,996.2053361642983,batch_cpu
512,997.5119347519392,batch_cpu
513,998.8275471369296,batch_cpu
514,999.791571557413,batch_cpu
515,1001.3494826377828,batch_cpu
516,1002.4043054883917,batch_cpu
517,1003.2678081794533,batch_cpu
518,1004.6750441211728,batch_cpu
519,1005.5434203043784,batch_cpu
520,1008.0067043070636,batch_cpu
521,1008.7957099007423,batch_cpu
522,1012.4100425157616,batch_cpu
523,1013.058638098409,batch_cpu
524,1014.6896326223704,batch_cpu
525,1016.0601789426473,batch_cpu
526,1017.2664023643554,batch_cpu
527,1018.6055725186202,batch_cpu
528,1021.5443444999046,batch_cpu
529,1022.8852709117164,batch_cpu
530,1029.2272974439616,batch_cpu
531,1030.8973687905966,batch_cpu
532,1031.8331802974076,batch_cpu
533,1032.8128830351588,batch_cpu
534,1034.61291552952,batch_cpu
535,1036.1959173580547,batch_cpu
536,1037.0247076462817,batch_cpu
537,1038.0877522406188,batch_cpu
538,1039.0774014368967,batch_cpu
539,1040.2640379376958,batch_cpu
540,1041.6215280145423,batch_cpu
541,1043.6239543496215,batch_cpu
542,1044.5149758290788,batch_cpu
543,1045.107042352978,batch_cpu
544,1047.0898174842948,batch_cpu
545,1047.9871474896006,batch_cpu
546,1048.953785194686,batch_cpu
547,1049.996284256593,batch_cpu
548,1051.576571843205,batch_cpu
549,1053.2457851583858,batch_cpu
550,1059.133769106897,batch_cpu
551,1060.1395185616077,batch_cpu
552,1061.5013044650684,batch_cpu
553,1062.9153815078805,batch_cpu
554,1064.0715510717184,batch_cpu
555,1065.1218551062932,batch_cpu
556,1066.463223469243,batch_cpu
557,1070.5350419968292,batch_cpu
558,1071.6186232150894,batch_cpu
559,1074.747771044311,batch_cpu
560,1076.2666255941774,batch_cpu
561,1076.9240560657545,batch_cpu
562,1078.6471984809564,batch_cpu
563,1079.8099654292591,batch_cpu
564,1081.1710023434678,batch_cpu
565,1082.9527497230697,batch_cpu
566,1085.6478312086392,batch_cpu
567,1086.9119989898252,batch_cpu
568,1088.7557246748088,batch_cpu
569,1089.7953379240746,batch_cpu
570,1095.4330847586616,batch_cpu
571,1096.4019177947425,batch_cpu
572,1100.5744606224625,batch_cpu
573,1101.839111168756,batch_cpu
574,1102.5517798999176,batch_cpu
575,1103.7322971745468,batch_cpu
576,1105.6171888307622,batch_cpu
577,1106.7743716758328,batch_cpu
578,1107.7745319550102,batch_cpu
579,1109.1589188567664,batch_cpu
580,1110.4441429936132,batch_cpu
581,1111.4435047649,batch_cpu
582,1112.4329954080763,batch_cpu
583,1113.397595114802,batch_cpu
584,1115.0653594615667,batch_cpu
585,1116.7872538812144,batch_cpu
586,1117.9659196691996,batch_cpu
587,1118.6841348610185,batch_cpu
588,1119.473247426179,batch_cpu
589,1121.1559376758105,batch_cpu
590,1122.4586213568805,batch_cpu
591,1123.1011173878092,batch_cpu
592,1125.3147293978463,batch_cpu
593,1125.7634424292526,batch_cpu
594,1127.6580235272156,batch_cpu
595,1128.4302246138927,batch_cpu
596,1129.7289967770655,batch_cpu
597,1130.3915978962316,batch_cpu
598,1131.495085561917,batch_cpu
599,1133.7086256694563,batch_cpu
600,1134.8856545915335,batch_cpu
601,1135.5622139754773,batch_cpu
602,1136.9292934809696,batch_cpu
603,1138.1515897798056,batch_cpu
604,1138.9923418204935,batch_cpu
605,1140.7218481719033,batch_cpu
606,1141.2610229641368,batch_cpu
607,1142.8586596078565,batch_cpu
608,1144.7822995186255,batch_cpu
609,1145.485327517117,batch_cpu
610,1146.5768149248668,batch_cpu
611,1147.5017765233192,batch_cpu
612,1148.615277208834,batch_cpu
613,1149.9826010281072,batch_cpu
614,1151.5628147236732,batch_cpu
615,1152.9431285305898,batch_cpu
616,1153.8903037162713,batch_cpu
617,1154.6975195353823,batch_cpu
618,1156.6215678338724,batch_cpu
619,1157.432314575611,batch_cpu
620,1158.001609027295,batch_cpu
621,1159.4806570190224,batch_cpu
622,1161.3966446343782,batch_cpu
623,1162.4875286020056,batch_cpu
624,1163.7010316827789,batch_cpu
625,1164.7375863512275,batch_cpu
626,1165.2712277064577,batch_cpu
627,1166.9436134095288,batch_cpu
628,1168.0862716101387,batch_cpu
629,1169.6983568848848,batch_cpu
630,1170.4636385782837,batch_cpu
631,1172.1206818656956,batch_cpu
632,1173.3056877640483,batch_cpu
633,1181.26731815168,batch_cpu
634,1182.5822703469203,batch_cpu
635,1183.7127752959743,batch_cpu
636,1185.155842847466,batch_cpu
637,1185.8753586953567,batch_cpu
638,1187.3451614932674,batch_cpu
639,1188.8564442982292,batch_cpu
640,1189.9636364979185,batch_cpu
641,1196.0346717486711,batch_cpu
642,1197.071786658822,batch_cpu
643,1198.6865691046305,batch_cpu
644,1199.356513707894,batch_cpu
645,1200.53269203122,batch_cpu
646,1201.810334856606,batch_cpu
647,1203.1373508614254,batch_cpu
648,1203.8552475940971,batch_cpu
649,1204.9854921714664,batch_cpu
650,1206.870499793853,batch_cpu
651,1208.471459949531,batch_cpu
652,1208.989484167939,batch_cpu
653,1209.898030087546,batch_cpu
654,1211.4161158927984,batch_cpu
655,1212.1131530663197,batch_cpu
656,1213.5983726803681,batch_cpu
657,1215.3899750650457,batch_cpu
658,1216.1837220334673,batch_cpu
659,1217.174482497739,batch_cpu
660,1219.0500281774061,batch_cpu
661,1219.6144713108583,batch_cpu
662,1220.816347690978,batch_cpu
663,1221.6922424831437,batch_cpu
664,1222.9524840951083,batch_cpu
665,1225.0183300241686,batch_cpu
666,1225.8550207607957,batch_cpu
667,1227.231827641491,batch_cpu
668,1227.9171416143997,batch_cpu
669,1228.793154362981,batch_cpu
670,1230.5846031542492,batch_cpu
671,1231.5622738776453,batch_cpu
672,1232.5295870405978,batch_cpu
673,1234.2778166533892,batch_cpu
674,1235.502548526521,batch_cpu
675,1236.399017465779,batch_cpu
676,1239.4908071467958,batch_cpu
677,1240.8134717852163,batch_cpu
678,1244.851433966984,batch_cpu
679,1245.6558661881477,batch_cpu
680,1247.3725619698555,batch_cpu
681,1248.0630610532082,batch_cpu
682,1249.1598879530031,batch_cpu
683,1250.6723972756781,batch_cpu
684,1251.6598320042713,batch_cpu
685,1253.6735778521072,batch_cpu
686,1254.4313284217735,batch_cpu
687,1255.4082306452906,batch_cpu
688,1256.1812141984608,batch_cpu
689,1257.541219412644,batch_cpu
690,1258.779233488595,batch_cpu
691,1260.3445483161854,batch_cpu
692,1261.6117171614796,batch_cpu
693,1262.5566140003564,batch_cpu
694,1263.6767328438618,batch_cpu
695,1264.9572230069998,batch_cpu
696,1266.179037760562,batch_cpu
697,1270.1189218864927,batch_cpu
698,1271.1342996316098,batch_cpu
699,1272.083959599333,batch_cpu
700,1273.2611446334558,batch_cpu
701,1273.2611446334558,batch_cpu
702,1275.0920303158405,batch_cpu
703,1276.8421715555698,batch_cpu
704,1277.7630919863468,batch_cpu
705,1279.3328433167082,batch_cpu
706,1280.155794409023,batch_cpu
707,1281.8287269597001,batch_cpu
708,1283.0004913866997,batch_cpu
709,1283.3350321388791,batch_cpu
710,1284.8547951546216,batch_cpu
711,1285.6950233311386,batch_cpu
712,1287.4100266170753,batch_cpu
713,1289.165351532773,batch_cpu
714,1290.1047715198074,batch_cpu
715,1290.4177080730426,batch_cpu
716,1291.9458709680832,batch_cpu
717,1293.4939815574176,batch_cpu
718,1294.1184743778483,batch_cpu
719,1295.3653635053583,batch_cpu
720,1296.8011109923473,batch_cpu
721,1298.2565270678895,batch_cpu
722,1299.405171250744,batch_cpu
723,1300.4900189824477,batch_cpu
724,1301.495516680575,batch_cpu
725,1302.346742379247,batch_cpu
726,1303.2732002287942,batch_cpu
727,1305.4016721880043,batch_cpu
728,1306.5083933129688,batch_cpu
729,1307.2672421078023,batch_cpu
730,1308.9881965176435,batch_cpu
731,1309.4215324932559,batch_cpu
732,1311.0565705111119,batch_cpu
733,1311.9669406080493,batch_cpu
734,1313.0315993690197,batch_cpu
735,1314.0525656517261,batch_cpu
736,1316.2121126028542,batch_cpu
737,1317.0729860348301,batch_cpu
738,1318.1712791321652,batch_cpu
739,1318.9478805965664,batch_cpu
740,1319.9310828775365,batch_cpu
741,1321.6281385519126,batch_cpu
742,1322.2580671233911,batch_cpu
743,1324.2249787188443,batch_cpu
744,1325.2376243589822,batch_cpu
745,1325.9819696304464,batch_cpu
746,1327.6352811084575,batch_cpu
747,1330.4299371204593,batch_cpu
748,1331.8275913852851,batch_cpu
749,1333.6735226102849,batch_cpu
750,1334.7473290516898,batch_cpu
751,1335.6949745260022,batch_cpu
752,1336.6901846533858,batch_cpu
753,1337.68879180967,batch_cpu
754,1338.9231645986704,batch_cpu
755,1340.4264004573001,batch_cpu
756,1341.1662722529265,batch_cpu
757,1342.6085078837768,batch_cpu
758,1344.1560440035958,batch_cpu
759,1345.4771062613988,batch_cpu
760,1345.7314132554184,batch_cpu
761,1347.5194717508998,batch_cpu
762,1348.0172380187364,batch_cpu
763,1349.0851940140476,batch_cpu
764,1351.2962063740968,batch_cpu
765,1352.2104651591753,batch_cpu
766,1355.6805953206365,batch_cpu
767,1356.605655709808,batch_cpu
768,1360.3931447621912,batch_cpu
769,1361.3930747136396,batch_cpu
770,1367.1040909700082,batch_cpu
771,1368.3301933079858,batch_cpu
772,1369.686949077343,batch_cpu
773,1370.9735227677838,batch_cpu
774,1371.6865535528275,batch_cpu
775,1373.2029145623733,batch_cpu
776,1374.1547986586406,batch_cpu
777,1375.302392344749,batch_cpu
778,1376.1617799936193,batch_cpu
779,1377.1776336421046,batch_cpu
780,1381.0739771492053,batch_cpu
781,1382.3456629784737,batch_cpu
782,1383.2975910079465,batch_cpu
783,1384.4444158477602,batch_cpu
784,1385.6637770111927,batch_cpu
785,1387.3266476634894,batch_cpu
786,1387.9214541271128,batch_cpu
787,1389.565831798394,batch_cpu
788,1390.7054902864277,batch_cpu
789,1391.8532004432698,batch_cpu
790,1392.6440277885486,batch_cpu
791,1393.4334017407937,batch_cpu
792,1394.8841846756804,batch_cpu
793,1396.5441631236824,batch_cpu
794,1397.8346233213872,batch_cpu
795,1398.8376752013858,batch_cpu
796,1399.8394729412066,batch_cpu
797,1400.4269462973944,batch_cpu
798,1402.5643472500662,batch_cpu
799,1402.9737476409193,batch_cpu
800,1404.0062921705228,batch_cpu
801,1405.6669750592469,batch_cpu
802,1407.0851427764364,batch_cpu
803,1408.1363074961896,batch_cpu
804,1409.320681079839,batch_cpu
805,1410.0248107258021,batch_cpu
806,1411.2570568157066,batch_cpu
807,1411.965653461773,batch_cpu
808,1413.843148788569,batch_cpu
809,1417.1028229338226,batch_cpu
810,1418.6969638524522,batch_cpu
811,1419.4224809459956,batch_cpu
812,1420.4165263237512,batch_cpu
813,1421.8505671870487,batch_cpu
814,1422.4613109875074,batch_cpu
815,1424.463045669579,batch_cpu
816,1425.8734692449966,batch_cpu
817,1426.64597968212,batch_cpu
818,1427.3656711094263,batch_cpu
819,1428.5923058759788,batch_cpu
820,1429.6504772761916,batch_cpu
821,1431.2183136727517,batch_cpu
822,1432.0497408933136,batch_cpu
823,1433.821940737065,batch_cpu
824,1434.58494216826,batch_cpu
825,1435.6929073834192,batch_cpu
826,1437.2267216238013,batch_cpu
827,1438.0062848417224,batch_cpu
828,1438.9495527468828,batch_cpu
829,1439.622793078164,batch_cpu
830,1441.9609875048618,batch_cpu
831,1442.9110595808968,batch_cpu
832,1444.0419307063667,batch_cpu
833,1445.072278459201,batch_cpu
834,1445.83008477971,batch_cpu
835,1447.2262270999756,batch_cpu
836,1448.3238535157254,batch_cpu
837,1449.4887712807313,batch_cpu
838,1450.7735618582974,batch_cpu
839,1451.8352979993933,batch_cpu
840,1455.3120912398197,batch_cpu
841,1456.1677976083874,batch_cpu
842,1457.5390016684114,batch_cpu
843,1458.3937773686873,batch_cpu
844,1462.2661232657872,batch_cpu
845,1463.2868911904277,batch_cpu
846,1464.6969032978764,batch_cpu
847,1465.8895576140853,batch_cpu
848,1466.5056211078877,batch_cpu
849,1467.703989586071,batch_cpu
850,1469.347649878273,batch_cpu
851,1470.966589127165,batch_cpu
852,1471.3887645271066,batch_cpu
853,1473.0201323241859,batch_cpu
854,1476.092127038241,batch_cpu
855,1477.4351911475,batch_cpu
856,1478.441395973413,batch_cpu
857,1479.75991870649,batch_cpu
858,1480.7668790179823,batch_cpu
859,1481.9646842098023,batch_cpu
860,1483.0329599580714,batch_cpu
861,1484.1435808817555,batch_cpu
862,1484.8178832312037,batch_cpu
863,1486.1713490275572,batch_cpu
864,1488.1163379762284,batch_cpu
865,1489.25246694643,batch_cpu
866,1489.9708922046789,batch_cpu
867,1490.6706938146033,batch_cpu
868,1492.1800905440164,batch_cpu
869,1493.3308354212702,batch_cpu
870,1494.1553686136888,batch_cpu
871,1495.7688329789416,batch_cpu
872,1497.0655055717102,batch_cpu
873,1497.7473609331212,batch_cpu
874,1499.6408247466197,batch_cpu
875,1500.351951516603,batch_cpu
876,1501.1193249221317,batch_cpu
877,1502.346063292399,batch_cpu
878,1503.0909331266805,batch_cpu
879,1505.261529654672,batch_cpu
880,1506.1529861381132,batch_cpu
881,1507.4075051638301,batch_cpu
882,1508.2530310295422,batch_cpu
883,1509.2804193632232,batch_cpu
884,1510.3917974464734,batch_cpu
885,1511.923005459002,batch_cpu
886,1512.589764705458,batch_cpu
887,1513.5897655399187,batch_cpu
888,1515.708343586874,batch_cpu
889,1516.4359897187585,batch_cpu
890,1517.7198062541302,batch_cpu
891,1518.4147914872538,batch_cpu
892,1521.901909065461,batch_cpu
893,1523.4860471492589,batch_cpu
894,1526.5523119103875,batch_cpu
895,1528.0409304292975,batch_cpu
896,1531.0207429702223,batch_cpu
897,1532.2223269393921,batch_cpu
898,1533.8869779132017,batch_cpu
899,1535.0422774712067,batch_cpu
900,1535.7695023952479,batch_cpu
901,1536.62070182403,batch_cpu
902,1537.651062167945,batch_cpu
903,1539.3028548555833,batch_cpu
904,1540.0302701395065,batch_cpu
905,1541.742248762789,batch_cpu
906,1542.4965229227662,batch_cpu
907,1546.0911977863134,batch_cpu
908,1541.7422487627891,batch_cpu
909,1547.8065638018575,batch_cpu
910,1548.8713481787254,batch_cpu
911,1552.7361053298036,batch_cpu
912,1554.156519109658,batch_cpu
913,1554.921285164992,batch_cpu
914,1556.1629874975529,batch_cpu
915,1557.3945070176906,batch_cpu
916,1558.339152852352,batch_cpu
917,1559.7811543907103,batch_cpu
918,1560.8764757778094,batch_cpu
919,1562.4101531801946,batch_cpu
920,1563.3854009584954,batch_cpu
921,1566.2664156015514,batch_cpu
922,1567.623450717218,batch_cpu
923,1569.0224778043803,batch_cpu
924,1570.509277866921,batch_cpu
925,1571.0453814855377,batch_cpu
926,1571.8453520880453,batch_cpu
927,1573.8065633302713,batch_cpu
928,1574.2309154298637,batch_cpu
929,1575.6381549520165,batch_cpu
930,1576.1613523634244,batch_cpu
931,1578.1188269457828,batch_cpu
932,1579.5140550677406,batch_cpu
933,1580.3720816254715,batch_cpu
934,1581.363551773002,batch_cpu
935,1582.3294869441472,batch_cpu
936,1583.3946934354217,batch_cpu
937,1584.2348480663761,batch_cpu
938,1586.2932107503377,batch_cpu
939,1587.004342107041,batch_cpu
940,1588.1634040289048,batch_cpu
941,1589.3579459495577,batch_cpu
942,1590.835904321394,batch_cpu
943,1591.2938843735724,batch_cpu
944,1592.637167039235,batch_cpu
945,1593.5848081888619,batch_cpu
946,1594.4426896556904,batch_cpu
947,1596.4844924096546,batch_cpu
948,1597.7158959444232,batch_cpu
949,1598.4207985496703,batch_cpu
950,1599.6193489504628,batch_cpu
951,1600.0480449034073,batch_cpu
952,1601.9119462285823,batch_cpu
953,1602.8154047937267,batch_cpu
954,1603.655202996124,batch_cpu
955,1605.5216466466234,batch_cpu
956,1606.2934181265741,batch_cpu
957,1607.556905211983,batch_cpu
958,1608.83629530501,batch_cpu
959,1610.003264190038,batch_cpu
960,1610.2538231625745,batch_cpu
961,1611.4371412695548,batch_cpu
962,1613.0788554510275,batch_cpu
963,1614.7106278521615,batch_cpu
964,1615.574608718972,batch_cpu
965,1616.3983948415835,batch_cpu
966,1617.7346848409852,batch_cpu
967,1618.5375178319775,batch_cpu
968,1619.9525012611286,batch_cpu
969,1620.7743108213886,batch_cpu
970,1622.0987516980229,batch_cpu
971,1622.9777676994756,batch_cpu
972,1625.0218566579629,batch_cpu
973,1625.9870201636213,batch_cpu
974,1626.3999193116356,batch_cpu
975,1627.7554412763159,batch_cpu
976,1628.7153168567631,batch_cpu
977,1629.6586689549476,batch_cpu
978,1631.1948145515157,batch_cpu
979,1632.7981835707087,batch_cpu
980,1633.5125168897373,batch_cpu
981,1634.516822662067,batch_cpu
982,1635.7183663262138,batch_cpu
983,1637.089190173371,batch_cpu
984,1637.994643586013,batch_cpu
985,1638.5996583042138,batch_cpu
986,1639.8212357298303,batch_cpu
987,1641.8998190085047,batch_cpu
988,1642.489779822378,batch_cpu
989,1645.573760362766,batch_cpu
990,1646.624866593179,batch_cpu
991,1648.2705982225316,batch_cpu
992,1649.1185354092402,batch_cpu
993,1650.4169889830484,batch_cpu
994,1651.732693341396,batch_cpu
995,1652.6710658996012,batch_cpu
996,1654.2058967593712,batch_cpu
997,1654.7266523933215,batch_cpu
998,1655.8227756767717,batch_cpu
999,1660.019980337999,batch_cpu
1000,1660.8600568333009,batch_cpu
1001,1664.05726541811,batch_cpu
1002,1664.968004486365,batch_cpu
1003,1665.8776404144862,batch_cpu
1004,1667.2411250517114,batch_cpu
1005,1668.3682293274019,batch_cpu
1006,1669.669728452399,batch_cpu
1007,1671.0471824333033,batch_cpu
1008,1671.9842593337264,batch_cpu
1009,1672.9633708307813,batch_cpu
1010,1673.687445333905,batch_cpu
1011,1674.6484620970098,batch_cpu
1012,1676.3624863239504,batch_cpu
1013,1677.6912271415265,batch_cpu
1014,1678.6303680910637,batch_cpu
1015,1680.0779467168095,batch_cpu
1016,1680.5047701128472,batch_cpu
1017,1681.812320174266,batch_cpu
1018,1683.2732892606666,batch_cpu
1019,1684.1716568370646,batch_cpu
1020,1684.558863252537,batch_cpu
1021,1686.4211219478382,batch_cpu
1022,1688.0801426931766,batch_cpu
1023,1688.9338685097846,batch_cpu
1024,1689.70315425618,batch_cpu
1025,1691.0515599168932,batch_cpu
1026,1691.5151928920352,batch_cpu
1027,1693.0530209301971,batch_cpu
1028,1694.017564652608,batch_cpu
1029,1695.8325544741872,batch_cpu
1030,1696.6549974397856,batch_cpu
1031,1697.342514286564,batch_cpu
1032,1699.229547187643,batch_cpu
1033,1699.9668172668637,batch_cpu
1034,1700.8203032450062,batch_cpu
1035,1701.8255509970475,batch_cpu
1036,1702.9232497644905,batch_cpu
1037,1704.2914124266797,batch_cpu
1038,1706.2560324315605,batch_cpu
1039,1706.615665035026,batch_cpu
1040,1707.9123124933249,batch_cpu
1041,1708.512116178403,batch_cpu
1042,1709.7808422985804,batch_cpu
1043,1711.137603258593,batch_cpu
1044,1712.1553976543225,batch_cpu
1045,1713.0553417275132,batch_cpu
1046,1714.7171452554946,batch_cpu
1047,1715.8252830398205,batch_cpu
1048,1716.7699837173948,batch_cpu
1049,1717.9744850661586,batch_cpu
1050,1718.9541524985839,batch_cpu
1051,1719.724469321831,batch_cpu
1052,1720.4980709475865,batch_cpu
1053,1722.8446617399156,batch_cpu
1054,1723.5328226312597,batch_cpu
1055,1724.7339587376582,batch_cpu
1056,1725.6386280199738,batch_cpu
1057,1726.6057007398854,batch_cpu
1058,1728.1665067609654,batch_cpu
1059,1728.6444864803718,batch_cpu
1060,1730.0238725447791,batch_cpu
1061,1731.014193761857,batch_cpu
1062,1732.430169859257,batch_cpu
1063,1733.84082502143,batch_cpu
1064,1736.305662733238,batch_cpu
1065,1737.8938847869285,batch_cpu
1066,1738.783237588816,batch_cpu
1067,1740.1691156801405,batch_cpu
1068,1741.7791678087272,batch_cpu
1069,1742.4676807207818,batch_cpu
1070,1743.4264368587214,batch_cpu
1071,1744.7215119377,batch_cpu
1072,1747.7816955277524,batch_cpu
1073,1748.56398738108,batch_cpu
1074,1750.8228184899708,batch_cpu
1075,1751.617794946251,batch_cpu
1076,1752.511511140666,batch_cpu
1077,1753.6613552431395,batch_cpu
1078,1757.046518460723,batch_cpu
1079,1757.9840770328183,batch_cpu
1080,1759.240085646682,batch_cpu
1081,1760.2151662427623,batch_cpu
1082,1765.4004939917838,batch_cpu
1083,1766.6762435994779,batch_cpu
1084,1768.2959711363414,batch_cpu
1085,1769.9409520516358,batch_cpu
1086,1772.3280003635914,batch_cpu
1087,1773.8949155107034,batch_cpu
1088,1774.6604309900238,batch_cpu
1089,1775.3419875737472,batch_cpu
1090,1777.255860224058,batch_cpu
1091,1778.0417347622492,batch_cpu
1092,1779.552270809179,batch_cpu
1093,1780.665228492999,batch_cpu
1094,1781.3556377228194,batch_cpu
1095,1782.4390673200203,batch_cpu
1096,1783.0848295199464,batch_cpu
1097,1784.6079463965818,batch_cpu
1098,1786.3422011793425,batch_cpu
1099,1787.0492730868161,batch_cpu
1100,1788.215123479633,batch_cpu
1101,1789.2421799636847,batch_cpu
1102,1790.4495623697835,batch_cpu
1103,1791.2544098187955,batch_cpu
1104,1792.6161027351982,batch_cpu
1105,1793.5253906524097,batch_cpu
1106,1794.1784820072555,batch_cpu
1107,1796.465140537431,batch_cpu
1108,1797.3763356711368,batch_cpu
1109,1798.1470674580758,batch_cpu
1110,1799.2316472097375,batch_cpu
1111,1800.0247240197393,batch_cpu
1112,1801.309636945288,batch_cpu
1113,1802.3012834914505,batch_cpu
1114,1803.796843813366,batch_cpu
1115,1804.9041609748122,batch_cpu
1116,1806.2896670194978,batch_cpu
1117,1806.5783917509639,batch_cpu
1118,1808.714431865475,batch_cpu
1119,1809.1192737882875,batch_cpu
1120,1810.1088929879859,batch_cpu
1121,1810.8737191588546,batch_cpu
1122,1812.4200770021055,batch_cpu
1123,1814.0241403476155,batch_cpu
1124,1814.9730823634957,batch_cpu
1125,1817.7106085633422,batch_cpu
1126,1819.2603340994883,batch_cpu
1127,1820.1878821868113,batch_cpu
1128,1821.3057083652038,batch_cpu
1129,1822.4276714403027,batch_cpu
1130,1823.7662658957734,batch_cpu
1131,1825.2136768930134,batch_cpu
1132,1825.9156836149284,batch_cpu
1133,1826.7954552714928,batch_cpu
1134,1828.2112704999731,batch_cpu
1135,1828.621091758031,batch_cpu
1136,1829.8325297099398,batch_cpu
1137,1831.9363799018151,batch_cpu
1138,1832.9849402437314,batch_cpu
1139,1833.2732390327303,batch_cpu
1140,1834.7215597486083,batch_cpu
1141,1835.8837544376925,batch_cpu
1142,1836.8276725159576,batch_cpu
1143,1838.0869433056446,batch_cpu
1144,1838.6402887076506,batch_cpu
1145,1840.1955634733574,batch_cpu
1146,1841.4785825706433,batch_cpu
1147,1842.875955278667,batch_cpu
1148,1843.7710577430692,batch_cpu
1149,1844.759043650096,batch_cpu
1150,1845.4175341464245,batch_cpu
1151,1846.3532534205165,batch_cpu
1152,1848.3309806223838,batch_cpu
1153,1848.7227609108909,batch_cpu
1154,1850.6011840476515,batch_cpu
1155,1851.4003619945897,batch_cpu
1156,1852.3422047333863,batch_cpu
1157,1853.5193429209896,batch_cpu
1158,1854.8556321159867,batch_cpu
1159,1855.5929349370554,batch_cpu
1160,1856.3891791535239,batch_cpu
1161,1857.4980748148803,batch_cpu
1162,1859.4952715687944,batch_cpu
1163,1860.5413881093368,batch_cpu
1164,1861.3796715472329,batch_cpu
1165,1862.1214649289443,batch_cpu
1166,1863.4254648450965,batch_cpu
1167,1864.3539813357463,batch_cpu
1168,1865.367433794058,batch_cpu
1169,1866.8365470186081,batch_cpu
1170,1868.0851909986093,batch_cpu
1171,1868.7067456844081,batch_cpu
1172,1870.4214717683108,batch_cpu
1173,1871.416043098407,batch_cpu
1174,1877.0950641673398,batch_cpu
1175,1878.0222514827535,batch_cpu
1176,1879.1533030904613,batch_cpu
1177,1880.0823254189945,batch_cpu
1178,1880.6117664796568,batch_cpu
1179,1882.3219747973847,batch_cpu
1180,1883.4087242695184,batch_cpu
1181,1884.005778349667,batch_cpu
1182,1885.198075130258,batch_cpu
1183,1887.0538948068902,batch_cpu
1184,1887.8088414168321,batch_cpu
1185,1888.9381826365795,batch_cpu
1186,1891.678510539729,batch_cpu
1187,1892.867701335791,batch_cpu
1188,1894.5585375724297,batch_cpu
1189,1895.6971556535846,batch_cpu
1190,1896.5854943471688,batch_cpu
1191,1897.513692859712,batch_cpu
1192,1898.8293728186795,batch_cpu
1193,1900.0061448291442,batch_cpu
1194,1900.5718842724148,batch_cpu
1195,1901.8913057506002,batch_cpu
1196,1902.80505920668,batch_cpu
1197,1904.0893253233519,batch_cpu
1198,1906.1027561981819,batch_cpu
1199,1906.5976780037663,batch_cpu
1200,1907.3327801239095,batch_cpu
1201,1908.4330630450518,batch_cpu
1202,1909.4659300259825,batch_cpu
1203,1910.7336596158916,batch_cpu
1204,1911.7046909431722,batch_cpu
1205,1913.1824897758831,batch_cpu
1206,1914.352300051674,batch_cpu
1207,1915.0546293333473,batch_cpu
1208,1916.6063718395194,batch_cpu
1209,1917.3447040415663,batch_cpu
1210,1918.7864989098568,batch_cpu
1211,1919.2077783978052,batch_cpu
1212,1919.9374573712173,batch_cpu
1213,1922.1016256219937,batch_cpu
1214,1923.2808379364174,batch_cpu
1215,1924.0558311014408,batch_cpu
1216,1925.2319879754066,batch_cpu
1217,1926.2115830798944,batch_cpu
1218,1926.8200927948717,batch_cpu
1219,1928.4175185495194,batch_cpu
1220,1929.4875601805763,batch_cpu
1221,1930.2583871803874,batch_cpu
1222,1931.7600694365246,batch_cpu
1223,1932.8757545499468,batch_cpu
1224,1934.4164363691518,batch_cpu
1225,1934.9079434343655,batch_cpu
1226,1935.9248488037456,batch_cpu
1227,1936.8730938142787,batch_cpu
1228,1937.96863349802,batch_cpu
1229,1939.050029150544,batch_cpu
1230,1940.97732670586,batch_cpu
1231,1941.8228622157803,batch_cpu
1232,1942.6335686922462,batch_cpu
1233,1943.3679474492526,batch_cpu
1234,1945.1537963063681,batch_cpu
1235,1945.9227169494834,batch_cpu
1236,1946.6099453618774,batch_cpu
1237,1947.9170477377036,batch_cpu
1238,1949.0300300736067,batch_cpu
1239,1950.7432015528632,batch_cpu
1240,1951.536695873055,batch_cpu
1241,1954.4185881752142,batch_cpu
1242,1955.3158092837184,batch_cpu
1243,1956.8481645782156,batch_cpu
1244,1958.3144035551204,batch_cpu
1245,1958.8518834631948,batch_cpu
1246,1960.4188452693818,batch_cpu
1247,1961.3592778800144,batch_cpu
1248,1962.2335718485797,batch_cpu
1249,1963.621184573202,batch_cpu
1250,1964.3573909380957,batch_cpu
1251,1965.377829505104,batch_cpu
1252,1966.1176585740745,batch_cpu
1253,1968.4716020194205,batch_cpu
1254,1969.0476175465278,batch_cpu
1255,1971.9703128048113,batch_cpu
1256,1973.1826634059387,batch_cpu
1257,1974.34720191012,batch_cpu
1258,1975.080610302267,batch_cpu
1259,1978.8014481677315,batch_cpu
1260,1980.3717722870515,batch_cpu
1261,1980.9100430910241,batch_cpu
1262,1981.7487688972635,batch_cpu
1263,1982.6632791952766,batch_cpu
1264,1983.9238046222606,batch_cpu
1265,1985.4165401745267,batch_cpu
1266,1986.7571077164152,batch_cpu
1267,1989.7020027080216,batch_cpu
1268,1990.478352526427,batch_cpu
1269,1992.001706393528,batch_cpu
1270,1992.7849878751576,batch_cpu
1271,1993.57749313826,batch_cpu
1272,1995.1687396118887,batch_cpu
1273,1996.7961769661883,batch_cpu
1274,1997.3909140596115,batch_cpu
1275,1998.279006925985,batch_cpu
1276,1999.5457641762675,batch_cpu
1277,2002.8964083743617,batch_cpu
1278,2004.13966923327,batch_cpu
1279,2005.0778481240989,batch_cpu
1280,2005.9009348857858,batch_cpu
1281,2007.125180170301,batch_cpu
1282,2008.4182403302623,batch_cpu
1283,2009.1766341229495,batch_cpu
1284,2010.1533247675593,batch_cpu
1285,2011.02070507365,batch_cpu
1286,2012.5389354774218,batch_cpu
1287,2013.8720977139908,batch_cpu
1288,2015.1867286087063,batch_cpu
1289,2016.0296380323755,batch_cpu
1290,2016.8000756558458,batch_cpu
1291,2017.3867672519616,batch_cpu
1292,2019.264600216064,batch_cpu
1293,2019.8843671397553,batch_cpu
1294,2021.1960427688928,batch_cpu
1295,2022.5456176846883,batch_cpu
1296,2023.5729117771007,batch_cpu
1297,2024.4882621579513,batch_cpu
1298,2025.8789062024816,batch_cpu
1299,2026.738258912152,batch_cpu
1300,2027.5733170559974,batch_cpu
1301,2028.5824593540399,batch_cpu
1302,2029.3854795509667,batch_cpu
1303,2031.7505506906186,batch_cpu
1304,2032.4207808562865,batch_cpu
1305,2033.0178927456698,batch_cpu
1306,2034.5548287889562,batch_cpu
1307,2035.0774400963041,batch_cpu
1308,2036.5275264833704,batch_cpu
1309,2037.217111094341,batch_cpu
1310,2038.8417382508676,batch_cpu
1311,2039.4432187401044,batch_cpu
1312,2040.8391196731382,batch_cpu
1313,2042.3445862506042,batch_cpu
1314,2043.217116563324,batch_cpu
1315,2044.1215932916675,batch_cpu
1316,2045.0373208598148,batch_cpu
1317,2045.8027604315619,batch_cpu
1318,2047.0983363452742,batch_cpu
1319,2048.4540940661614,batch_cpu
1320,2049.847525605716,batch_cpu
1321,2050.9060553846844,batch_cpu
1322,2054.059916898486,batch_cpu
1323,2055.1802673261664,batch_cpu
1324,2055.572602899049,batch_cpu
1325,2056.620866689894,batch_cpu
1326,2058.450651118906,batch_cpu
1327,2059.4480217437713,batch_cpu
1328,2062.5726509199785,batch_cpu
1329,2063.283559498381,batch_cpu
1330,2064.304867699634,batch_cpu
1331,2065.8326722819197,batch_cpu
1332,2066.985229377985,batch_cpu
1333,2070.504717593446,batch_cpu
1334,2071.3770831697584,batch_cpu
1335,2071.990454814761,batch_cpu
1336,2073.3976037157686,batch_cpu
1337,2074.1710649021525,batch_cpu
1338,2075.0280655448323,batch_cpu
1339,2077.11757013688,batch_cpu
1340,2078.155484639214,batch_cpu
1341,2080.9103434575613,batch_cpu
1342,2081.79968656325,batch_cpu
1343,2085.389813692286,batch_cpu
1344,2086.5803185343816,batch_cpu
1345,2087.473340987858,batch_cpu
1346,2088.712281198733,batch_cpu
1347,2091.221580661131,batch_cpu
1348,2092.4732181100717,batch_cpu
1349,2094.335917468632,batch_cpu
1350,2095.1382566602947,batch_cpu
1351,2096.3465299792524,batch_cpu
1352,2097.371606357193,batch_cpu
1353,2097.951922199887,batch_cpu
1354,2099.3116512650613,batch_cpu
1355,2100.593745236861,batch_cpu
1356,2101.135489459108,batch_cpu
1357,2102.5351002153066,batch_cpu
1358,2103.390454808714,batch_cpu
1359,2105.3722065918,batch_cpu
1360,2105.9947043392863,batch_cpu
1361,2107.172362432443,batch_cpu
1362,2107.6179114075144,batch_cpu
1363,2108.938384889015,batch_cpu
1364,2109.9631431812677,batch_cpu
1365,2110.8223718481318,batch_cpu
1366,2112.907087523191,batch_cpu
1367,2113.4839664484307,batch_cpu
1368,2114.39613732589,batch_cpu
1369,2115.506602794684,batch_cpu
1370,2116.900056068395,batch_cpu
1371,2117.722399441363,batch_cpu
1372,2118.6186462170294,batch_cpu
1373,2119.4564284689395,batch_cpu
1374,2120.6915625918423,batch_cpu
1375,2122.4651511749285,batch_cpu
1376,2123.3440423034626,batch_cpu
1377,2124.3703687375687,batch_cpu
1378,2125.5124000291516,batch_cpu
1379,2125.9587848403735,batch_cpu
1380,2126.975711192558,batch_cpu
1381,2128.752290554263,batch_cpu
1382,2129.4060802283284,batch_cpu
1383,2130.555102283236,batch_cpu
1384,2132.080620992943,batch_cpu
1385,2132.798516467884,batch_cpu
1386,2134.154933985038,batch_cpu
1387,2134.9507725043154,batch_cpu
1388,2136.086897524703,batch_cpu
1389,2136.9674705484717,batch_cpu
1390,2137.509940525911,batch_cpu
1391,2139.380759985201,batch_cpu
1392,2140.949362639097,batch_cpu
1393,2141.71003596039,batch_cpu
1394,2142.3550431960352,batch_cpu
1395,2143.374444180538,batch_cpu
1396,2144.8953374313605,batch_cpu
1397,2145.505753734181,batch_cpu
1398,2146.6258944755114,batch_cpu
1399,2147.7853673456307,batch_cpu
1400,2149.1518493828894,batch_cpu
1401,2149.910639858102,batch_cpu
1402,2151.776885116465,batch_cpu
1403,2152.39022659692,batch_cpu
1404,2153.0119641653864,batch_cpu
1405,2154.2636239523204,batch_cpu
1406,2154.9353458482256,batch_cpu
1407,2156.3947272556816,batch_cpu
1408,2157.856489565353,batch_cpu
1409,2158.8780722910833,batch_cpu
1410,2159.9022860171704,batch_cpu
1411,2160.853062328184,batch_cpu
1412,2161.6921721892095,batch_cpu
1413,2163.107122285732,batch_cpu
1414,2164.0497203563573,batch_cpu
1415,2165.0114371743143,batch_cpu
1416,2165.5039490233758,batch_cpu
1417,2167.6934442547467,batch_cpu
1418,2168.890615851854,batch_cpu
1419,2169.263829283365,batch_cpu
1420,2170.7870749730155,batch_cpu
1421,2171.3963619264946,batch_cpu
1422,2172.2509628275166,batch_cpu
1423,2173.5282969693167,batch_cpu
1424,2174.7450208034766,batch_cpu
1425,2176.2041194662156,batch_cpu
1426,2176.9394516989773,batch_cpu
1427,2178.004209154761,batch_cpu
1428,2179.232185029747,batch_cpu
1429,2180.495318259279,batch_cpu
1430,2181.252367010682,batch_cpu
1431,2181.7257830298195,batch_cpu
1432,2183.330584017395,batch_cpu
1433,2184.103190761082,batch_cpu
1434,2185.965528320683,batch_cpu
1435,2187.0856909593726,batch_cpu
1436,2189.4970729026054,batch_cpu
1437,2191.09336304575,batch_cpu
1438,2191.778017400508,batch_cpu
1439,2192.826770539861,batch_cpu
1440,2194.2315300504497,batch_cpu
1441,2195.231687681256,batch_cpu
1442,2209.1537444002633,batch_cpu
1443,2210.2080149892504,batch_cpu
1444,2210.850941099296,batch_cpu
1445,2212.3435684000365,batch_cpu
1446,2213.7002562484363,batch_cpu
1447,2214.9499256320923,batch_cpu
1448,2217.4693751162254,batch_cpu
1449,2218.521006913395,batch_cpu
1450,2219.799815698361,batch_cpu
1451,2220.8521588489143,batch_cpu
1452,2223.7777725072146,batch_cpu
1453,2225.564645117169,batch_cpu
1454,2226.3327344055756,batch_cpu
1455,2227.2462293765952,batch_cpu
1456,2227.9705738822563,batch_cpu
1457,2229.127958910123,batch_cpu
1458,2230.898690855664,batch_cpu
1459,2231.9771540742368,batch_cpu
1460,2232.9248538689662,batch_cpu
1461,2233.720222250313,batch_cpu
1462,2234.814934531327,batch_cpu
1463,2235.5466621356,batch_cpu
1464,2236.7736438450997,batch_cpu
1465,2238.1547995192977,batch_cpu
1466,2239.1677439602367,batch_cpu
1467,2240.021209470471,batch_cpu
1468,2241.5361865237664,batch_cpu
1469,2242.6211801593795,batch_cpu
1470,2243.373668418962,batch_cpu
1471,2244.3707017004303,batch_cpu
1472,2245.5652865312713,batch_cpu
1473,2246.016558178286,batch_cpu
1474,2247.3644312512292,batch_cpu
1475,2249.5501985735373,batch_cpu
1476,2249.7707665527237,batch_cpu
1477,2251.046641941553,batch_cpu
1478,2251.8453183386932,batch_cpu
1479,2252.678432673839,batch_cpu
1480,2255.824565571537,batch_cpu
1481,2257.346384683133,batch_cpu
1482,2258.5018472911456,batch_cpu
1483,2259.5178420573843,batch_cpu
1484,2260.8902594168003,batch_cpu
1485,2261.660064449481,batch_cpu
1486,2264.6763997057706,batch_cpu
1487,2265.7684461154695,batch_cpu
1488,2267.384501067544,batch_cpu
1489,2267.879175337166,batch_cpu
1490,2269.2269982616094,batch_cpu
1491,2269.9191032168383,batch_cpu
1492,2271.3262824680664,batch_cpu
1493,2272.0490157012377,batch_cpu
1494,2273.3475340531645,batch_cpu
1495,2273.956289145943,batch_cpu
1496,2275.0686647759717,batch_cpu
1497,2277.0793177566234,batch_cpu
1498,2278.0126283933055,batch_cpu
1499,2278.5259421557844,batch_cpu
1500,2279.5073058411194,batch_cpu
1501,2282.690375137648,batch_cpu
1502,2284.0560114593513,batch_cpu
1503,2285.2222423648664,batch_cpu
1504,2286.149814140564,batch_cpu
1505,2287.0461586710107,batch_cpu
1506,2288.5788494457647,batch_cpu
1507,2289.336284710134,batch_cpu
1508,2290.241458210856,batch_cpu
1509,2291.0976636121122,batch_cpu
1510,2291.9289012524905,batch_cpu
1511,2293.896145106087,batch_cpu
1512,2294.6879184117142,batch_cpu
1513,2296.1150911883306,batch_cpu
1514,2296.998522472515,batch_cpu
1515,2297.37264757981,batch_cpu
1516,2298.6123633656603,batch_cpu
1517,2299.961577620084,batch_cpu
1518,2301.234125798831,batch_cpu
1519,2301.4548403517283,batch_cpu
1520,2303.295481982573,batch_cpu
1521,2304.3051386703746,batch_cpu
1522,2305.508356788682,batch_cpu
1523,2306.5177330700035,batch_cpu
1524,2307.355553370478,batch_cpu
1525,2308.210284634765,batch_cpu
1526,2309.370358239529,batch_cpu
1527,2309.9311223841837,batch_cpu
1528,2312.0479964496108,batch_cpu
1529,2313.190914170748,batch_cpu
1530,2313.689359967224,batch_cpu
1531,2314.6211821135953,batch_cpu
1532,2316.0494547199887,batch_cpu
1533,2316.962494504841,batch_cpu
1534,2317.851531864277,batch_cpu
1535,2318.82603533643,batch_cpu
1536,2320.0885232040273,batch_cpu
1537,2320.949531628654,batch_cpu
1538,2322.812632606693,batch_cpu
1539,2323.534274240766,batch_cpu
1540,2325.903015927513,batch_cpu
1541,2327.3768558196994,batch_cpu
1542,2328.6348751011687,batch_cpu
1543,2329.7057234064496,batch_cpu
1544,2331.013110289573,batch_cpu
1545,2331.9427078064027,batch_cpu
1546,2332.987765432775,batch_cpu
1547,2333.7208633737823,batch_cpu
1548,2336.6210367862386,batch_cpu
1549,2337.7617301588207,batch_cpu
1550,2339.6156838956263,batch_cpu
1551,2340.8267267066444,batch_cpu
1552,2341.324596186216,batch_cpu
1553,2342.6540416584694,batch_cpu
1554,2343.259158955009,batch_cpu
1555,2344.3112162361517,batch_cpu
1556,2345.570483634474,batch_cpu
1557,2346.4641195297877,batch_cpu
1558,2347.934254641724,batch_cpu
1559,2348.8434236334556,batch_cpu
1560,2349.7300542578378,batch_cpu
1561,2351.455046927851,batch_cpu
1562,2352.1957015025364,batch_cpu
1563,2352.7508700754547,batch_cpu
1564,2353.912135852353,batch_cpu
1565,2354.951081235008,batch_cpu
1566,2355.8108139782903,batch_cpu
1567,2357.608315920215,batch_cpu
1568,2358.9047051984157,batch_cpu
1569,2359.43485907644,batch_cpu
1570,2360.3142850895265,batch_cpu
1571,2361.3425416419327,batch_cpu
1572,2362.7183179229214,batch_cpu
1573,2363.4956176541186,batch_cpu
1574,2364.751176089117,batch_cpu
1575,2365.191515064132,batch_cpu
1576,2367.2492198429595,batch_cpu
1577,2367.9577018231557,batch_cpu
1578,2369.220577767399,batch_cpu
1579,2370.093390284232,batch_cpu
1580,2371.100747929722,batch_cpu
1581,2371.93813779461,batch_cpu
1582,2372.4403472600557,batch_cpu
1583,2374.4442307178165,batch_cpu
1584,2375.543967037372,batch_cpu
1585,2376.35546351556,batch_cpu
1586,2377.7554079140127,batch_cpu
1587,2378.2129616796624,batch_cpu
1588,2379.726502949966,batch_cpu
1589,2380.5456572187363,batch_cpu
1590,2381.5001237104375,batch_cpu
1591,2382.5308305662925,batch_cpu
1592,2383.356013915981,batch_cpu
1593,2384.9650716411825,batch_cpu
1594,2386.4309371095037,batch_cpu
1595,2387.2990841223364,batch_cpu
1596,2387.8135685560783,batch_cpu
1597,2388.748207635493,batch_cpu
1598,2389.955988113666,batch_cpu
1599,2391.2605498724033,batch_cpu
1600,2391.7549823367167,batch_cpu
1601,2393.6305932917,batch_cpu
1602,2394.4853678560467,batch_cpu
1603,2395.270169994647,batch_cpu
1604,2396.603878762616,batch_cpu
1605,2397.7916437617737,batch_cpu
1606,2398.558311382533,batch_cpu
1607,2399.433832905785,batch_cpu
1608,2400.1523565221314,batch_cpu
1609,2401.482998375772,batch_cpu
1610,2403.418798445345,batch_cpu
1611,2403.9753151489676,batch_cpu
1612,2404.92159348977,batch_cpu
1613,2406.2539887182897,batch_cpu
1614,2406.7328511821092,batch_cpu
1615,2407.71591042227,batch_cpu
1616,2409.44150235242,batch_cpu
1617,2409.8816026828795,batch_cpu
1618,2411.1261933807773,batch_cpu
1619,2412.2229358372842,batch_cpu
1620,2413.9761231949833,batch_cpu
1621,2414.3798798012704,batch_cpu
1622,2415.576893465994,batch_cpu
1623,2416.534054627704,batch_cpu
1624,2417.2780874217724,batch_cpu
1625,2418.2294432673575,batch_cpu
1626,2419.5079171631846,batch_cpu
1627,2421.142943993328,batch_cpu
1628,2422.1520849251096,batch_cpu
1629,2425.124760212557,batch_cpu
1630,2426.1934375416686,batch_cpu
1631,2426.9070642937536,batch_cpu
1632,2427.640896948593,batch_cpu
1633,2429.185595990257,batch_cpu
1634,2430.2658126359443,batch_cpu
1635,2431.6111350962537,batch_cpu
1636,2432.727569299255,batch_cpu
1637,2435.3488943646944,batch_cpu
1638,2436.191600375091,batch_cpu
1639,2437.7940761078257,batch_cpu
1640,2438.671790794044,batch_cpu
1641,2439.9271272186725,batch_cpu
1642,2440.826160290635,batch_cpu
1643,2441.9298365499985,batch_cpu
1644,2443.0335600581852,batch_cpu
1645,2443.7754363962,batch_cpu
1646,2445.15438101522,batch_cpu
1647,2452.283365741214,batch_cpu
1648,2453.2574858120843,batch_cpu
1649,2454.300561841745,batch_cpu
1650,2455.482288383526,batch_cpu
1651,2456.5145518412887,batch_cpu
1652,2457.907999090219,batch_cpu
1653,2458.5467998371278,batch_cpu
1654,2460.013579465506,batch_cpu
1655,2462.464294913854,batch_cpu
1656,2463.5696672950166,batch_cpu
1657,2464.9278163612234,batch_cpu
1658,2466.1830970131928,batch_cpu
1659,2471.5392977419965,batch_cpu
1660,2472.336417589482,batch_cpu
1661,2473.107124734645,batch_cpu
1662,2474.2378497343934,batch_cpu
1663,2475.539353861003,batch_cpu
1664,2477.0217550961047,batch_cpu
1665,2481.356767280359,batch_cpu
1666,2482.683411518713,batch_cpu
1667,2484.5032382747445,batch_cpu
1668,2485.08759053742,batch_cpu
1669,2485.7856207123928,batch_cpu
1670,2487.333836442726,batch_cpu
1671,2488.113831754193,batch_cpu
1672,2489.2611574517873,batch_cpu
1673,2490.0510905157466,batch_cpu
1674,2491.1055164218205,batch_cpu
1675,2491.9074739342927,batch_cpu
1676,2493.489295449123,batch_cpu
1677,2494.8661778282553,batch_cpu
1678,2495.846840419502,batch_cpu
1679,2496.485336702823,batch_cpu
1680,2497.648465246602,batch_cpu
1681,2497.969973966752,batch_cpu
1682,2499.862042821255,batch_cpu
1683,2500.5643864123176,batch_cpu
1684,2501.5777446724337,batch_cpu
1685,2503.185227212087,batch_cpu
1686,2504.008933658584,batch_cpu
1687,2504.772152511212,batch_cpu
1688,2506.305351937389,batch_cpu
1689,2507.1518856476755,batch_cpu
1690,2507.8710395797434,batch_cpu
1691,2508.7660461038267,batch_cpu
1692,2509.6529974413834,batch_cpu
1693,2511.6601897871865,batch_cpu
1694,2512.538220985223,batch_cpu
1695,2513.579517021465,batch_cpu
1696,2514.2598590597736,batch_cpu
1697,2515.286482924713,batch_cpu
1698,2516.5710491428877,batch_cpu
1699,2517.146931880415,batch_cpu
1700,2518.552852040691,batch_cpu
1701,2519.634252640272,batch_cpu
1702,2520.402323518036,batch_cpu
1703,2521.8851756461518,batch_cpu
1704,2523.263480155872,batch_cpu
1705,2523.96705581919,batch_cpu
1706,2524.6420457956947,batch_cpu
1707,2525.6879933248006,batch_cpu
1708,2526.8688100585928,batch_cpu
1709,2527.418791160629,batch_cpu
1710,2529.378043463275,batch_cpu
1711,2530.2736722742684,batch_cpu
1712,2533.0673170990476,batch_cpu
1713,2534.408614098394,batch_cpu
1714,2535.505886073966,batch_cpu
1715,2536.0918849208388,batch_cpu
1716,2536.8674852225613,batch_cpu
1717,2538.5598269362577,batch_cpu
1718,2539.9984071185913,batch_cpu
1719,2540.5316619367422,batch_cpu
1720,2541.998729153671,batch_cpu
1721,2542.6876505148693,batch_cpu
1722,2543.3439550886064,batch_cpu
1723,2544.290953656616,batch_cpu
1724,2545.8780177304106,batch_cpu
1725,2546.761141283359,batch_cpu
1726,2548.1816153941086,batch_cpu
1727,2548.8959875750465,batch_cpu
1728,2549.9964844915226,batch_cpu
1729,2551.411141992885,batch_cpu
1730,2551.880445959599,batch_cpu
1731,2555.0508752913593,batch_cpu
1732,2555.8323507473033,batch_cpu
1733,2558.009105942872,batch_cpu
1734,2558.7522113684713,batch_cpu
1735,2559.234296597334,batch_cpu
1736,2560.263289514389,batch_cpu
1737,2561.4056357475733,batch_cpu
1738,2562.4261133381433,batch_cpu
1739,2563.501718903993,batch_cpu
1740,2564.3321078543336,batch_cpu
1741,2565.9752704782836,batch_cpu
1742,2566.557557897085,batch_cpu
1743,2567.958599725329,batch_cpu
1744,2569.043090173353,batch_cpu
1745,2569.9481115969047,batch_cpu
1746,2570.958525661919,batch_cpu
1747,2571.540774147769,batch_cpu
1748,2572.3682081862075,batch_cpu
1749,2574.2071639500314,batch_cpu
1750,2575.4045119969037,batch_cpu
1751,2576.1410111840264,batch_cpu
1752,2577.5198355326024,batch_cpu
1753,2578.0701299250054,batch_cpu
1754,2578.971298335896,batch_cpu
1755,2580.3461115652008,batch_cpu
1756,2581.3981405818927,batch_cpu
1757,2582.138733931302,batch_cpu
1758,2583.0032945351,batch_cpu
1759,2584.7584024416783,batch_cpu
1760,2585.7727394040116,batch_cpu
1761,2586.925178957182,batch_cpu
1762,2587.591000924191,batch_cpu
1763,2588.3682104238806,batch_cpu
1764,2589.579264554434,batch_cpu
1765,2590.3716929259517,batch_cpu
1766,2591.5493784479845,batch_cpu
1767,2593.275876806604,batch_cpu
1768,2594.0236183346865,batch_cpu
1769,2594.9050115524797,batch_cpu
1770,2595.6875301388595,batch_cpu
1771,2597.5461414884594,batch_cpu
1772,2597.979353418423,batch_cpu
1773,2598.5987683196336,batch_cpu
1774,2600.121355061882,batch_cpu
1775,2600.641952319111,batch_cpu
1776,2602.4123005580773,batch_cpu
1777,2603.6287811184534,batch_cpu
1778,2604.5735648237187,batch_cpu
1779,2605.368075915559,batch_cpu
1780,2606.243664547519,batch_cpu
1781,2607.003639114239,batch_cpu
1782,2608.3648996490356,batch_cpu
1783,2609.5520867407345,batch_cpu
1784,2610.4445209389155,batch_cpu
1785,2611.543670381423,batch_cpu
1786,2612.956807036694,batch_cpu
1787,2613.731929438305,batch_cpu
1788,2614.737136165401,batch_cpu
1789,2615.8477072682495,batch_cpu
1790,2618.292915478022,batch_cpu
1791,2620.2793936949734,batch_cpu
1792,2621.4290552132293,batch_cpu
1793,2622.0486967984216,batch_cpu
1794,2622.994507976302,batch_cpu
1795,2624.0506038545595,batch_cpu
1796,2624.9095017771697,batch_cpu
1797,2626.4605022299443,batch_cpu
1798,2626.7104713958065,batch_cpu
1799,2628.098026523871,batch_cpu
1800,2629.6041395108487,batch_cpu
1801,2629.99480076422,batch_cpu
1802,2632.0431166371127,batch_cpu
1803,2632.443658949145,batch_cpu
1804,2633.6763999397813,batch_cpu
1805,2633.9665434341214,batch_cpu
1806,2635.2173316171798,batch_cpu
1807,2636.432585995082,batch_cpu
1808,2637.5106833584623,batch_cpu
1809,2639.0625730453894,batch_cpu
1810,2640.0542458840273,batch_cpu
1811,2640.4629428289513,batch_cpu
1812,2641.8017447841085,batch_cpu
1813,2642.755759063044,batch_cpu
1814,2643.9709009583453,batch_cpu
1815,2644.887867143492,batch_cpu
1816,2645.395567278573,batch_cpu
1817,2646.6899401727246,batch_cpu
1818,2648.5774292837636,batch_cpu
1819,2649.3256535517985,batch_cpu
1820,2650.058544458382,batch_cpu
1821,2651.227331332121,batch_cpu
1822,2652.1607752415403,batch_cpu
1823,2652.77064282696,batch_cpu
1824,2653.8970697456407,batch_cpu
1825,2655.615772325962,batch_cpu
1826,2656.2389984980173,batch_cpu
1827,2657.5377607583005,batch_cpu
1828,2658.341557629757,batch_cpu
1829,2659.6583160208597,batch_cpu
1830,2660.610245802953,batch_cpu
1831,2661.582573758214,batch_cpu
